건물,호선,역,주소
스타벅스,2.0,까치산,서울특별시 강서구 강서로 13길 3
다이소,2.0,까치산,서울특별시 강서구 화곡1동 343-58
이디야,2.0,까치산,서울특별시 강서구 화곡동 349-15
올리브영,2.0,까치산,서울특별시 강서구 강서로13길 3
스타벅스,2.0,신정네거리,서울특별시 양천구 신정동 981-15
다이소,2.0,신정네거리,서울특별시 양천구 신월로 291
이디야,2.0,신정네거리,서울특별시 양천구 신정동 922-17
올리브영,2.0,신정네거리,신정동 1032-11번지 양천구 서울특별시 KR
스타벅스,2.0,양천구청,서울특별시 양천구 목동 923
다이소,2.0,양천구청,서울특별시 양천구 신정동 오목로 238 LOND사옥
이디야,2.0,양천구청,서울특별시 양천구 신정동 323-16
올리브영,2.0,양천구청,서울특별시 양천구 신정동 목동동로 73
스타벅스,2.0,도림천,서울특별시 구로구 신도림동 413-9
다이소,2.0,도림천,서울특별시 구로구 신도림동 경인로 662 디큐브시티
이디야,2.0,도림천,서울특별시 구로구 신도림동 신도림로 65 101호
올리브영,2.0,도림천,서울특별시 구로구 신도림동 360-51
스타벅스,2.0,신도림,서울특별시 구로구 신도림동 413-9
다이소,2.0,신도림,서울특별시 구로구 신도림동 경인로 662 디큐브시티
이디야,2.0,신도림,서울특별시 구로구 신도림 테크노마트 1층
올리브영,2.0,신도림,서울특별시 구로구 신도림동 360-51
스타벅스,2.0,문래,서울특별시 영등포구 문래동3가 55-5
다이소,2.0,문래,서울특별시 영등포구 당산로 42
이디야,2.0,문래,서울특별시 영등포구 문래동3가
올리브영,2.0,문래,서울특별시 영등포구 문래동6가 5
스타벅스,2.0,영등포구청,"389-7 KR 서울특별시 영등포구 당산동3가 393, 389-2"
다이소,2.0,영등포구청,서울특별시 영등포구 당산동5가 양평로 49 대림빌딩
이디야,2.0,영등포구청,서울특별시 영등포구 당산동3가 당산로 110
올리브영,2.0,영등포구청,서울특별시 영등포구 당산동5가
스타벅스,2.0,당산,서울특별시 영등포구 당산로 231
다이소,2.0,당산,서울특별시 영등포구 당산동5가 양평로 49 대림빌딩
이디야,2.0,당산,당산동5가 11-33번지 당산디오빌 103-4호 영등포구 서울특별시 KR
올리브영,2.0,당산,서울특별시 영등포구 당산동5가
스타벅스,2.0,합정,서울특별시 마포구 합정동 월드컵로1길 14
다이소,2.0,합정,서울특별시 마포구 합정동 독막로 33-1
이디야,2.0,합정,서울특별시 마포구 독막로2길 5
올리브영,2.0,합정,서울특별시 마포구 합정동 391-19
스타벅스,2.0,홍대입구,서울특별시 마포구 양화로 125
다이소,2.0,홍대입구,서울특별시 마포구 양화로 182
이디야,2.0,홍대입구,서울특별시 마포구 서교동 351-5
올리브영,2.0,홍대입구,서울특별시 마포구 동교동 양화로 156 엘지 팰리스
스타벅스,2.0,신촌,서울특별시 서대문구 신촌로 73
다이소,2.0,신촌,서울특별시 마포구 노고산동 신촌로 90 신촌역
이디야,2.0,신촌,서울특별시 서대문구 창천동 4-1
올리브영,2.0,신촌,서울특별시 서대문구 신촌로 121
스타벅스,2.0,이대,서울특별시 서대문구 이화여대길 34
다이소,2.0,이대,서울특별시 서대문구 신촌로 183
이디야,2.0,이대,서울특별시 서대문구 창천동 4-1
올리브영,2.0,이대,서울특별시 서대문구 이화여대길 43
스타벅스,2.0,아현,서울특별시 서대문구 신촌로35길 10
다이소,2.0,아현,서울특별시 마포구 아현동 신촌로 270
이디야,2.0,아현,서울특별시 서대문구 북아현동 1015번지 이편한세상신촌4단지 1층 110호
올리브영,2.0,아현,서울특별시 마포구 아현동 738
스타벅스,2.0,충정로,서울특별시 서대문구 충정로3가 95-1
다이소,2.0,충정로,서울특별시 마포구 아현동 신촌로 270
이디야,2.0,충정로,서울특별시 서대문구 충정로3가 경기대로 26-26
올리브영,2.0,충정로,서울특별시 중구 세종대로16길 1
스타벅스,2.0,시청,서울특별시 중구 을지로1가 50 삼성 화재 삼성 빌딩 1 층
다이소,2.0,시청,서울특별시 중구 세종대로 광학빌딩
이디야,2.0,시청,서울특별시 중구 무교동 세종대로20길 23
올리브영,2.0,시청,서울특별시 중구 세종대로16길 1
스타벅스,2.0,을지로입구,서울특별시 중구 을지로 50
다이소,2.0,을지로입구,서울특별시 중구 명동길 43
이디야,2.0,을지로입구,서울특별시 중구 명동 다동길 46
올리브영,2.0,을지로입구,서울특별시 중구 명동3길 36
스타벅스,2.0,을지로3가,서울특별시 중구 수표로 34
다이소,2.0,을지로3가,서울특별시 중구 명동길 43
이디야,2.0,을지로3가,서울특별시 중구 수표로 45
올리브영,2.0,을지로3가,서울특별시 중구 명동3길 36
스타벅스,2.0,을지로4가,서울특별시 중구 을지로 170
다이소,2.0,을지로4가,서울특별시 종로구 창신동 율곡로 309
이디야,2.0,을지로4가,서울특별시 중구 수표로 45
올리브영,2.0,을지로4가,서울특별시 중구 명동3길 36
스타벅스,2.0,동역사,서울특별시 중구 장충단로 229
다이소,2.0,동역사,서울특별시 종로구 창신동 율곡로 309
이디야,2.0,동역사,광희동1가 189-2번지 1층 중구 서울특별시 KR
올리브영,2.0,동역사,서울특별시 중구 장충단로 251
스타벅스,2.0,신당,서울특별시 중구 다산로 258
다이소,2.0,신당,서울특별시 중구 신당동 퇴계로 438
이디야,2.0,신당,서울특별시 중구 황학동 2480
올리브영,2.0,신당,서울특별시 중구 흥인동 86
스타벅스,2.0,상왕십리,서울특별시 성동구 왕십리로 382
다이소,2.0,상왕십리,서울특별시 성동구 하왕십리동 890-181
이디야,2.0,상왕십리,서울특별시 성동구 하왕십리동 무학봉15길 27
올리브영,2.0,상왕십리,서울특별시 성동구 하왕십리동 왕십리로 382
스타벅스,2.0,왕십리,성동구 도선동 58-1
다이소,2.0,왕십리,서울특별시 성동구 행당동 왕십리광장로 17
이디야,2.0,왕십리,서울특별시 성동구 행당동 281-3
올리브영,2.0,왕십리,서울특별시 성동구 행당동 엔터식스
스타벅스,2.0,한양대,서울특별시 성동구 행당동 왕십리로 225
다이소,2.0,한양대,서울특별시 성동구 행당동 왕십리광장로 17
이디야,2.0,한양대,서울특별시 성동구 행당동 281-3
올리브영,2.0,한양대,행당동 19-98번지 1층 성동구 서울특별시 KR
스타벅스,2.0,뚝섬,서울특별시 성동구 성수동1가 아차산로 42
다이소,2.0,뚝섬,성수동2가 561-1번지 승재빌딩 1층 성동구 서울특별시 KR
이디야,2.0,뚝섬,서울특별시 성동구 성수동1가 14-1
올리브영,2.0,뚝섬,서울특별시 성동구 성수동2가 300-65
스타벅스,2.0,성수,서울특별시 성동구 성수동2가 317-20 세림빌딩
다이소,2.0,성수,성수동2가 561-1번지 승재빌딩 1층 성동구 서울특별시 KR
이디야,2.0,성수,서울특별시 성동구 성수동2가 315-74 103호
올리브영,2.0,성수,서울특별시 성동구 성수동2가 300-65
스타벅스,2.0,건대입구,서울특별시 광진구 화양동 5-47
다이소,2.0,건대입구,서울특별시 광진구 아차산로 225 지하 1층
이디야,2.0,건대입구,서울특별시 광진구 화양동 한림타워 7-3 101호
올리브영,2.0,건대입구,서울특별시 광진구 화양동 동일로22길 115
스타벅스,2.0,구의,서울특별시 광진구 구의동 246-15
다이소,2.0,구의,서울특별시 광진구 아차산로 378
이디야,2.0,구의,구의동 244-50번지 1층 광진구 서울특별시 KR
올리브영,2.0,구의,서울특별시 광진구 자양2동 아차산로 378
스타벅스,2.0,강변,서울특별시 광진구 구의동 246-15
다이소,2.0,강변,서울특별시 광진구 강변역로 50
이디야,2.0,강변,서울특별시 광진구 구의3동 547
올리브영,2.0,강변,서울특별시 광진구 강변역로4길 10
스타벅스,2.0,잠실나루,서울특별시 송파구 송파동 59-9 송봉주유소
다이소,2.0,잠실나루,서울특별시 송파구 석촌호수로 88
이디야,2.0,잠실나루,서울특별시 송파구 장미시상가 내제 2층 206호
올리브영,2.0,잠실나루,서울특별시 송파구 신천동 올림픽로 269
스타벅스,2.0,잠실,서울특별시 송파구 신천동 송파대로 562 1층
다이소,2.0,잠실,서울특별시 송파구 석촌호수로 88
이디야,2.0,잠실,서울특별시 송파구 신천동 11-4
올리브영,2.0,잠실,서울특별시 송파구 잠실6동 7-4 잠실역8호선 지하상가 H7~10호
스타벅스,2.0,잠실새내,송파구 잠실동 181
다이소,2.0,잠실새내,서울특별시 송파구 석촌호수로 88
이디야,2.0,잠실새내,서울특별시 송파구 서울특별시 잠실본동 잠실동 208번지 지층 102호
올리브영,2.0,잠실새내,서울특별시 송파구 잠실동 184-2
스타벅스,2.0,종합운동장,"175 Jamsil-Dong Songpa-Gu, Seoul, 서울특별시"
다이소,2.0,종합운동장,서울특별시 송파구 잠실동 175-22
이디야,2.0,종합운동장,서울특별시 송파구 잠실본동 올림픽로 76
올리브영,2.0,종합운동장,서울특별시 송파구 잠실동 184-2
스타벅스,2.0,삼성,서울특별시 강남구 봉은사로 524
다이소,2.0,삼성,서울특별시 강남구 삼성1동 172-38
이디야,2.0,삼성,서울특별시 강남구 대치동 943-24
올리브영,2.0,삼성,서울특별시 강남구 역삼동 649-10
스타벅스,2.0,역삼,서울특별시 강남구 테헤란로 145
다이소,2.0,역삼,서울특별시 강남구 역삼1동 테헤란로 109
이디야,2.0,역삼,서울특별시 강남구 테헤란로25길 17
올리브영,2.0,역삼,서울특별시 강남구 역삼동 649-10
스타벅스,2.0,강남,서울특별시 강남구 강남대로 390
다이소,2.0,강남,서울특별시 강남구 역삼1동 테헤란로 109
이디야,2.0,강남,서울특별시 강남구 강남대로 396
올리브영,2.0,강남,서울특별시 서초구 서초4동 동일빌딩 1~3층 429 강남대로
스타벅스,2.0,교대,서울특별시 서초구 서초동 서초중앙로 138
다이소,2.0,교대,서울특별시 서초구 서초동 서초대로 320
이디야,2.0,교대,서울특별시 서초구 서초동 1669-15
올리브영,2.0,교대,서울특별시 서초구 서초동 1576-8
스타벅스,2.0,서초,서울특별시 서초구 서초동 1542-14
다이소,2.0,서초,서울특별시 서초구 서초동 서초대로 320
이디야,2.0,서초,서울특별시 서초구 서초대로48길 16
올리브영,2.0,서초,서울특별시 서초구 서초3동 1543-11
스타벅스,2.0,방배,"908-10 Bangbae-Dong Seocho-Gu, 1F, Seoul, 서울특별시"
다이소,2.0,방배,서울특별시 서초구 방배동 효령로 117 한성빌딩
이디야,2.0,방배,서울특별시 서초구 방배동 방배로 87
올리브영,2.0,방배,서울특별시 서초구 방배본동 768-12
스타벅스,2.0,사당,"1031-27 Sadang-Dong Dongjak-Gu, 1,2F, Seoul, 서울특별시"
다이소,2.0,사당,서울특별시 동작구 남부순환로 2057
이디야,2.0,사당,서울특별시 관악구 남현동 과천대로 951
올리브영,2.0,사당,서울특별시 동작구 사당동 동작대로 지하 3
스타벅스,2.0,낙성대,서울특별시 관악구 봉천동 남부순환로 1948
다이소,2.0,낙성대,서울특별시 관악구 봉천동 1656-10
이디야,2.0,낙성대,서울특별시 관악구 봉천동 1663-5
올리브영,2.0,낙성대,서울특별시 관악구 남부순환로 1908
스타벅스,2.0,서울대입구,서울특별시 관악구 청룡동 남부순환로 1812
다이소,2.0,서울대입구,서울특별시 관악구 봉천동 남부순환로 1840
이디야,2.0,서울대입구,서울특별시 관악구 중앙동
올리브영,2.0,서울대입구,서울특별시 관악구 남부순환로 1840
스타벅스,2.0,봉천,서울특별시 관악구 봉천동 927-5 청운빌딩
다이소,2.0,봉천,서울특별시 관악구 봉천동 남부순환로 1731
이디야,2.0,봉천,서울특별시 관악구 봉천동
올리브영,2.0,봉천,서울특별시 관악구 남부순환로 1735
스타벅스,2.0,신림,서울특별시 관악구 신림동 남부순환로 1619
다이소,2.0,신림,서울특별시 관악구 신림동 신림로 354
이디야,2.0,신림,서울특별시 관악구 신림동 1641-9
올리브영,2.0,신림,서울 관악구 서원[신림본동]동 1640-5
스타벅스,2.0,신대방,서울특별시 동작구 상도동 상도로 102
다이소,2.0,신대방,서울특별시 관악구 남부순환로 1474
이디야,2.0,신대방,서울특별시 관악구 신사동
올리브영,2.0,신대방,서울특별시 동작구 신대방동 395-69
스타벅스,2.0,구디단,서울특별시 구로구 구로동 디지털로32길 30
다이소,2.0,구디단,서울특별시 관악구 신림동 시흥대로 557 지하 1층
이디야,2.0,구디단,서울특별시 구로구 디지털로30길 31
올리브영,2.0,구디단,서울특별시 구로구 구로3동 187-10
스타벅스,2.0,대림,구로구 구로동 191-7
다이소,2.0,대림,서울특별시 영등포구 대림동 도림로 157
이디야,2.0,대림,서울특별시 영등포구 도림로31길 2
올리브영,2.0,대림,서울특별시 관악구 신림동 1643-5
스타벅스,2.0,용답,서울특별시 동대문구 천호대로 263
다이소,2.0,용답,서울특별시 성동구 천호대로 308
이디야,2.0,용답,서울특별시 성동구 용답동
올리브영,2.0,용답,서울특별시 동대문구 고미술로 81 1층 103호
스타벅스,2.0,신답,서울특별시 동대문구 천호대로 263
다이소,2.0,신답,서울특별시 성동구 천호대로 308
이디야,2.0,신답,서울특별시 동대문구 천호대로 265
올리브영,2.0,신답,서울특별시 동대문구 고미술로 81 1층 103호
스타벅스,2.0,용두,서울특별시 동대문구 왕산로 19
다이소,2.0,용두,서울특별시 동대문구 용신동 47-9
이디야,2.0,용두,서울특별시 동대문구 용두동 40-1
올리브영,2.0,용두,서울특별시 동대문구 고미술로 81 1층 103호
스타벅스,2.0,신설동,서울특별시 동대문구 왕산로 19
다이소,2.0,신설동,서울특별시 종로구 창신동 율곡로 309
이디야,2.0,신설동,서울특별시 종로구 숭인동
올리브영,2.0,신설동,서울특별시 동대문구 신설동
스타벅스,4.0,진접,경기도 남양주시 진접읍 장현리 230-6
다이소,4.0,진접,경기도 남양주시 진접읍 연평리 59-3
이디야,4.0,진접,경기도 남양주시 진접읍 경복대로 233
올리브영,4.0,진접,경기도 남양주시 진접읍 장현리 634-4
스타벅스,4.0,오남,경기도 남양주시 진접읍 연평리 59-3 KR
다이소,4.0,오남,경기도 남양주시 오남읍 오남리 328
이디야,4.0,오남,경기도 남양주시 오남읍 양지리 94-1
올리브영,4.0,오남,경기도 남양주시 진접읍 장현리 634-4
스타벅스,4.0,별내별가람,경기도 남양주시 별내동 824
다이소,4.0,별내별가람,경기도 남양주시 별내동 826-10
이디야,4.0,별내별가람,"827-2, 별내동 남양주시 경기도"
올리브영,4.0,별내별가람,경기도 남양주시 별내중앙로 84
스타벅스,4.0,당고개,서울특별시 노원구 노원로 569
다이소,4.0,당고개,서울특별시 노원구 상계3.4동 72-8
이디야,4.0,당고개,서울특별시 노원구 상계동 111-491
올리브영,4.0,당고개,서울특별시 노원구 상계2동 상계로 65
스타벅스,4.0,상계,서울특별시 노원구 동일로 1413
다이소,4.0,상계,서울특별시 노원구 중계동 141-32
이디야,4.0,상계,서울특별시 노원구 중계4동 덕릉로 698
올리브영,4.0,상계,서울특별시 노원구 상계동 763-4
스타벅스,4.0,노원,서울특별시 노원구 동일로 1413
다이소,4.0,노원,서울특별시 노원구 동일로 1392
이디야,4.0,노원,"617, 상계2동 노원구 서울특별시"
올리브영,4.0,노원,서울특별시 노원구 노해로 480 조광 빌딩 1 층
스타벅스,4.0,창동,서울특별시 도봉구 창동 135-26 EMART
다이소,4.0,창동,서울특별시 도봉구 창동 덕릉로63가길 68
이디야,4.0,창동,서울특별시 도봉구 창동 마들로11길 65
올리브영,4.0,창동,서울특별시 도봉구 창동 74-14
스타벅스,4.0,쌍문,도봉구 창동 659-5
다이소,4.0,쌍문,서울특별시 도봉구 도봉로 491
이디야,4.0,쌍문,서울특별시 도봉구 쌍문동 88-20
올리브영,4.0,쌍문,서울특별시 도봉구 창동 659-5
스타벅스,4.0,수유,서울특별시 강북구 도봉로 342 1층
다이소,4.0,수유,서울특별시 강북구 번동 446-14
이디야,4.0,수유,서울특별시 강북구 수유동 도봉로 355
올리브영,4.0,수유,서울특별시 강북구 번동 446-14
스타벅스,4.0,미아,서울특별시 강북구 도봉로 196
다이소,4.0,미아,서울특별시 강북구 미아동 월계로 3
이디야,4.0,미아,서울특별시 강북구 도봉로10길 28
올리브영,4.0,미아,서울특별시 강북구 미아동 도봉로 188
스타벅스,4.0,미아사거리,서울특별시 강북구 도봉로 32
다이소,4.0,미아사거리,서울특별시 강북구 미아동 월계로 3
이디야,4.0,미아사거리,서울특별시 강북구 도봉로10길 28
올리브영,4.0,미아사거리,서울특별시 강북구 미아동 도봉로 188
스타벅스,4.0,길음,서울특별시 성북구 돈암동 625-2 BR빌딩
다이소,4.0,길음,서울특별시 성북구 길음동 길음로9길 50
이디야,4.0,길음,서울특별시 성북구 길음동 1282
올리브영,4.0,길음,서울특별시 성북구 길음동 길음로 33 뉴타운상가 A동 1층 3호
스타벅스,4.0,성신여대입구,성북구 동선동1가 92-1
다이소,4.0,성신여대입구,서울특별시 성북구 동선동1가 동소문로나길 2
이디야,4.0,성신여대입구,서울특별시 성북구 동소문동6가 147
올리브영,4.0,성신여대입구,서울특별시 성북구 동소문로22길 39
스타벅스,4.0,한성대입구,서울특별시 성북구 성북동1가 35-1
다이소,4.0,한성대입구,서울특별시 성북구 동소문로 14
이디야,4.0,한성대입구,서울특별시 성북구 동소문동1가 90
올리브영,4.0,한성대입구,서울특별시 성북구 동소문동2가
스타벅스,4.0,혜화,서울특별시 종로구 대학로12길 4
다이소,4.0,혜화,서울특별시 종로구 창경궁로 239
이디야,4.0,혜화,서울특별시 종로구 명륜2가 32
올리브영,4.0,혜화,서울특별시 종로구 혜화동 185
스타벅스,4.0,동대문,서울특별시 중구 장충단로 229
다이소,4.0,동대문,서울특별시 종로구 창신동 율곡로 309
이디야,4.0,동대문,서울특별시 종로구 율곡로 286
올리브영,4.0,동대문,서울특별시 중구 장충단로 251
스타벅스,4.0,동역사,서울특별시 중구 장충단로 229
다이소,4.0,동역사,서울특별시 종로구 창신동 율곡로 309
이디야,4.0,동역사,광희동1가 189-2번지 1층 중구 서울특별시 KR
올리브영,4.0,동역사,서울특별시 중구 장충단로 251
스타벅스,4.0,충무로,서울특별시 중구 필동 퇴계로 197
다이소,4.0,충무로,서울특별시 중구 명동길 43
이디야,4.0,충무로,서울특별시 중구 필동 퇴계로 188
올리브영,4.0,충무로,서울특별시 중구 필동2가 37-10
스타벅스,4.0,명동,서울특별시 중구 퇴계로 101
다이소,4.0,명동,서울특별시 중구 명동길 43
이디야,4.0,명동,서울특별시 중구 퇴계로 103
올리브영,4.0,명동,서울특별시 중구 퇴계로 127
스타벅스,4.0,회현,서울특별시 중구 회현동1가 퇴계로 72
다이소,4.0,회현,서울특별시 중구 회현동1가 199-6
이디야,4.0,회현,서울특별시 중구 퇴계로 72
올리브영,4.0,회현,서울특별시 중구 남대문로5가 541
스타벅스,4.0,서울역,서울특별시 용산구 동자동 43-205 서울역(철도역
다이소,4.0,서울역,서울특별시 용산구 한강대로 405
이디야,4.0,서울역,서울특별시 용산구 동자동 후암로 93
올리브영,4.0,서울역,서울특별시 용산구 한강대로 405
스타벅스,4.0,숙대입구,서울특별시 용산구 갈월동 69-5
다이소,4.0,숙대입구,서울특별시 용산구 갈월동 한강대로77길 12 국제전산빌딩
이디야,4.0,숙대입구,"번지 2 층, 87 갈월동 용산구 서울특별시"
올리브영,4.0,숙대입구,서울특별시 용산구 남영동 한강대로 285
스타벅스,4.0,삼각지,한강로2가 420번지 용산푸르지오써밋 지상1 2층 상가동 111 213 214 215호 용산구 서울특별시 KR
다이소,4.0,삼각지,서울특별시 용산구 한강로동 한강대로21나길 7
이디야,4.0,삼각지,서울특별시 용산구 한강로1가 한강대로 205
올리브영,4.0,삼각지,서울특별시 용산구 한강로3가 40-999
스타벅스,4.0,신용산,서울특별시 용산구 한강로동 한강대로 95 103호
다이소,4.0,신용산,서울특별시 용산구 한강로동 한강대로21나길 7
이디야,4.0,신용산,서울특별시 용산구 한강대로 52-1
올리브영,4.0,신용산,서울특별시 용산구 한강로2가 한강대로 95 래미안용산더센트럴 1층 101호
스타벅스,4.0,이촌,서울특별시 용산구 이촌로 276
다이소,4.0,이촌,서울특별시 용산구 한강로동 한강대로21나길 7
이디야,4.0,이촌,이촌동 301-53번지 2층 301동 26호 용산구 서울특별시 KR
올리브영,4.0,이촌,서울특별시 용산구 이촌1동 이촌로75길 16
스타벅스,4.0,동작,서울특별시 서초구 방배동 755-14
다이소,4.0,동작,서울특별시 동작구 사당로17가길 16 지하 1층
이디야,4.0,동작,"2 층, 135-6 사당동 동작구 서울특별시"
올리브영,4.0,동작,서울특별시 동작구 사당동 동작대로 지하 3
스타벅스,4.0,총신대입구,서울특별시 서초구 동작대로 112
다이소,4.0,총신대입구,서울특별시 동작구 사당동 134-3
이디야,4.0,총신대입구,"2 층, 135-6 사당동 동작구 서울특별시"
올리브영,4.0,총신대입구,서울특별시 동작구 사당동 동작대로 지하 3
스타벅스,4.0,사당,"1031-27 Sadang-Dong Dongjak-Gu, 1,2F, Seoul, 서울특별시"
다이소,4.0,사당,서울특별시 동작구 남부순환로 2057
이디야,4.0,사당,서울특별시 관악구 남현동 과천대로 951
올리브영,4.0,사당,서울특별시 동작구 사당동 동작대로 지하 3
스타벅스,4.0,남태령,서울특별시 관악구 남부순환로 2082-25
다이소,4.0,남태령,경기도 과천시 중앙동 중앙로 129 지하 1층
이디야,4.0,남태령,서울특별시 관악구 남현동 과천대로 909
올리브영,4.0,남태령,서울특별시 관악구 남현동 과천대로 941
스타벅스,4.0,선바위,경기도 과천시 중앙로 277
다이소,4.0,선바위,경기도 과천시 중앙동 중앙로 129 지하 1층
이디야,4.0,선바위,경기도 과천시 부림동
올리브영,4.0,선바위,경기도 과천시 별양동 1-10
스타벅스,4.0,경마공원,경기도 과천시 중앙로 277
다이소,4.0,경마공원,경기도 과천시 중앙동 중앙로 129 지하 1층
이디야,4.0,경마공원,경기도 과천시 부림동
올리브영,4.0,경마공원,경기도 과천시 별양동 1-10
스타벅스,4.0,대공원,경기도 과천시 중앙로 277
다이소,4.0,대공원,경기도 과천시 중앙동 중앙로 129 지하 1층
이디야,4.0,대공원,경기도 과천시 부림동
올리브영,4.0,대공원,경기도 과천시 별양동 1-10
스타벅스,4.0,과천,경기도 과천시 중앙동 중앙로 129
다이소,4.0,과천,경기도 과천시 중앙동 중앙로 129 지하 1층
이디야,4.0,과천,경기도 과천시 부림동
올리브영,4.0,과천,경기도 과천시 중앙동 중앙로 129 지하 1층
스타벅스,4.0,정부과천청사,경기도 과천시 별양동 1-19
다이소,4.0,정부과천청사,경기도 과천시 원문동 별양로 12
이디야,4.0,정부과천청사,별양동 1-15번지 109호 112호 과천시 경기도 KR
올리브영,4.0,정부과천청사,경기도 과천시 별양동 1-10
스타벅스,4.0,인덕원,경기도 안양시 동안구 흥안대로 519
다이소,4.0,인덕원,경기도 안양시 동안구 관양동 1505-27
이디야,4.0,인덕원,동안구 관양동 1503번지 안양시 경기도 KR
올리브영,4.0,인덕원,경기도 안양시 동안구 관양1동
스타벅스,4.0,평촌,경기도 안양시 동안구 관양동 시민대로 311
다이소,4.0,평촌,경기도 안양시 동안구 관양동 1505-27
이디야,4.0,평촌,경기도 안양시 동안구 부림동 1604-4
올리브영,4.0,평촌,경기도 안양시 동안구 관양동 1746-2
스타벅스,4.0,범계,경기도 안양시 동안구 시민대로 180 G스퀘어 1층
다이소,4.0,범계,경기도 안양시 만안구 안양4동 676-116
이디야,4.0,범계,경기도 안양시 동안구 호계동 1042
올리브영,4.0,범계,경기도 안양시 동안구 평촌대로223번길 41
스타벅스,4.0,금정,"경기도 군포시 금정동 엘에스로 143 힐스테이트 금정역), AK플라자 4층"
다이소,4.0,금정,경기도 군포시 산본1동 266-1
이디야,4.0,금정,경기도 군포시 산본동 산본천로 216
올리브영,4.0,금정,경기도 군포시 산본1동 266-7
스타벅스,4.0,산본,경기도 군포시 번영로 497
다이소,4.0,산본,경기도 군포시 번영로 485
이디야,4.0,산본,경기도 군포시 산본동 번영로 504
올리브영,4.0,산본,경기도 군포시 산본동 산본로323번길 20-17
스타벅스,4.0,수리산,경기도 군포시 번영로 497
다이소,4.0,수리산,경기도 군포시 군포로 486
이디야,4.0,수리산,경기도 군포시 산본동 번영로 504
올리브영,4.0,수리산,경기도 군포시 산본동 산본로323번길 20-17
스타벅스,4.0,대야미,경기도 군포시 번영로 497
다이소,4.0,대야미,경기도 군포시 군포로 486
이디야,4.0,대야미,경기도 군포시 대야동 660-3
올리브영,4.0,대야미,경기도 군포시 산본동 산본로323번길 20-17
스타벅스,4.0,반월,경기도 안산시 상록구 광덕1로 379
다이소,4.0,반월,경기도 안산시 상록구 월피동 445-5
이디야,4.0,반월,경기도 안산시 상록구 건건동 644-7
올리브영,4.0,반월,경기도 안산시 상록구 월피동 445-25
스타벅스,4.0,상록수,경기도 안산시 상록구 광덕1로 379
다이소,4.0,상록수,경기도 안산시 상록구 본오동 용신로 388
이디야,4.0,상록수,경기도 안산시 상록구 본오동 874-3
올리브영,4.0,상록수,경기도 안산시 상록구 이동 716-2
스타벅스,4.0,한대앞,경기도 안산시 상록구 광덕1로 379
다이소,4.0,한대앞,경기도 안산시 상록구 이동 720
이디야,4.0,한대앞,경기도 안산시 상록구 중보로 49
올리브영,4.0,한대앞,경기도 안산시 상록구 이동 716-2
스타벅스,4.0,중앙,경기도 안산시 단원구 고잔동 541
다이소,4.0,중앙,경기도 안산시 단원구 고잔2동
이디야,4.0,중앙,경기도 안산시 단원구 고잔동 중앙대로 907
올리브영,4.0,중앙,경기도 안산시 단원구 고잔동 540-14
스타벅스,4.0,고잔,경기도 안산시 단원구 고잔동 적금로 120
다이소,4.0,고잔,경기도 안산시 단원구 고잔동 533-2
이디야,4.0,고잔,경기도 안산시 단원구 다리간로 18
올리브영,4.0,고잔,경기도 안산시 단원구 고잔동 726-6
스타벅스,4.0,초지,경기도 안산시 단원구 단원구 초지동 742-4
다이소,4.0,초지,경기도 안산시 단원구 선부동 선부광장1로 70
이디야,4.0,초지,경기도 안산시 단원구 화랑로 160
올리브영,4.0,초지,경기도 안산시 단원구 원곡동 835 상가2동 e편한세상 초지역센트럴포레
스타벅스,4.0,안산,경기도 안산시 단원구 단원구 고잔동 539-1
다이소,4.0,안산,단원구 원곡동 798-7번지 1층 안산시 경기도 KR
이디야,4.0,안산,경기도 안산시 단원구 신길로 9-4
올리브영,4.0,안산,경기도 안산시 단원구 원곡동 835 상가2동 e편한세상 초지역센트럴포레
스타벅스,4.0,신길온천,경기도 안산시 단원구 단원구 신길동 1687
다이소,4.0,신길온천,단원구 원곡동 798-7번지 1층 안산시 경기도 KR
이디야,4.0,신길온천,"1633, 신길동 단원구 안산시 경기도"
올리브영,4.0,신길온천,KR 서울 영등포구 신길동 103-9
스타벅스,4.0,정왕,경기도 시흥시 정왕동 1738-6
다이소,4.0,정왕,경기도 시흥시 정왕동 2301-5
이디야,4.0,정왕,경기도 시흥시 정왕동 2326-1
올리브영,4.0,정왕,경기도 시흥시 정왕1동 중심상가3길 15-1
스타벅스,4.0,오이도,경기도 시흥시 정왕동 서울대학로278번길 43-13
다이소,4.0,오이도,경기도 시흥시 정왕동 2301-5
이디야,4.0,오이도,경기도 시흥시 정왕동 1978
올리브영,4.0,오이도,경기도 시흥시 정왕1동 중심상가3길 15-1
스타벅스,6.0,역촌,은평구 응암동 96-1
다이소,6.0,역촌,서울특별시 은평구 갈현동 468-2
이디야,6.0,역촌,서울특별시 은평구 역촌동 43-2
올리브영,6.0,역촌,서울특별시 은평구 서오릉로 137
스타벅스,6.0,불광,서울특별시 은평구 대조동 15-9
다이소,6.0,불광,서울특별시 은평구 대조동 통일로67길 3 상일빌딩
이디야,6.0,불광,서울특별시 은평구 불광1동 불광로 59
올리브영,6.0,불광,서울특별시 은평구 불광동 통일로 736
스타벅스,6.0,독바위,서울특별시 은평구 진관동 진관2로 12
다이소,6.0,독바위,서울특별시 은평구 불광동 연서로 253
이디야,6.0,독바위,서울특별시 은평구 불광동 13-22
올리브영,6.0,독바위,서울특별시 은평구 갈현동 396-4
이디야,1.0,인천역,인천광역시 중구 58-1
다이소,1.0,인천역,인천광역시 중구 인현동 19-7
올리브영,1.0,인천역,"인천광역시 부평구 광장로 16 인천 부평구 광장로 16 민자역사 지하2층 35,37 38호"
스타벅스,1.0,인천역,인천광역시 남구 용현동 630-9
이디야,1.0,동인천역,인천광역시 중구 58-1
다이소,1.0,동인천역,인천광역시 중구 인현동 19-7
올리브영,1.0,동인천역,인천광역시 남구 숙골로 87번길 5 2단지 142~45호 더샵인천스카이타워
스타벅스,1.0,동인천역,인천광역시 남구 용현동 630-9
이디야,1.0,도원역,인천광역시 중구 58-1
다이소,1.0,도원역,인천광역시 남구 도화동 706-3
올리브영,1.0,도원역,용현동 190-35번지 1층 남구 인천광역시 KR
스타벅스,1.0,도원역,인천광역시 남구 숭의동 78-2
이디야,1.0,제물포역,인천광역시 남구 숭의4동 59-9
다이소,1.0,제물포역,인천광역시 남구 숭의4동 51-21
올리브영,1.0,제물포역,인천광역시 남구 숙골로 87번길 5 2단지 142~45호 더샵인천스카이타워
스타벅스,1.0,제물포역,인천광역시 남구 숭의동 78-2
이디야,1.0,도화역,인천광역시 남구 도화동 104-8번지 기아자동차 103호
다이소,1.0,도화역,인천광역시 남구 도화동 706-3
올리브영,1.0,도화역,주안동 30-1번지 아이존쇼핑몰 A동 B1층 남구 인천광역시 KR
스타벅스,1.0,도화역,"141-1, Juan-Dong Nam-Gu, 1,2F, Incheon, 인천광역시"
이디야,1.0,주안역,인천광역시 남구 주안1동
다이소,1.0,주안역,인천광역시 남구 주안5동 125
올리브영,1.0,주안역,주안동 30-1번지 아이존쇼핑몰 A동 B1층 남구 인천광역시 KR
스타벅스,1.0,주안역,"141-1, Juan-Dong Nam-Gu, 1,2F, Incheon, 인천광역시"
이디야,1.0,간석역,인천광역시 남구 주안6동 46-1
다이소,1.0,간석역,인천광역시 남동구 간석4동 762-25
올리브영,1.0,간석역,주안동 30-1번지 아이존쇼핑몰 A동 B1층 남구 인천광역시 KR
스타벅스,1.0,간석역,인천광역시 남동구 617-6
이디야,1.0,동암역,인천광역시 부평구 십정동 406-3
다이소,1.0,동암역,인천광역시 남구 숭의4동 51-21
올리브영,1.0,동암역,인천광역시 부평구 십정2동 408-14
스타벅스,1.0,동암역,인천광역시 부평구 십정2동 402-56
이디야,1.0,백운역,인천광역시 부평구 십정동 186-114
다이소,1.0,백운역,인천광역시 부평구 경인로 947
올리브영,1.0,백운역,인천광역시 부평구 경인로 947
스타벅스,1.0,백운역,인천광역시 남동구 간석동 772
이디야,1.0,부평역,인천광역시 부평구 경원대로 1373 1층
다이소,1.0,부평역,인천광역시 부평구 부평동 738
올리브영,1.0,부평역,"인천광역시 부평구 광장로 16 인천 부평구 광장로 16 민자역사 지하2층 35,37 38호"
스타벅스,1.0,부평역,인천광역시 부평구 부평동 경원대로 1377
이디야,1.0,부개역,인천광역시 부평구 수변로10번길 48 한울팰리스 1층
다이소,1.0,부개역,부개동 12-112번지 2층 부평구 인천광역시 KR
올리브영,1.0,부개역,인천광역시 부평구 경인로 947
스타벅스,1.0,부개역,인천광역시 부평구 부평동 경원대로 1377
이디야,1.0,송내역,경기도 부천시 소사구 송내1동 709-6
다이소,1.0,송내역,경기도 부천시 소사구 송내동 송내대로 43
올리브영,1.0,송내역,경기도 부천시 원미구 상동 상일로94번길 34
스타벅스,1.0,송내역,경기도 부천시 원미구 상동 464
이디야,1.0,중동역,경기도 부천시 소사구 송내동 373
다이소,1.0,중동역,경기도 부천시 길주로 267
올리브영,1.0,중동역,경기도 부천시 원미구 중동 1140-3
스타벅스,1.0,중동역,경기도 부천시 원미구 부흥로 193
이디야,1.0,부천역,경기도 부천시 소사구 심곡본동 736-2
다이소,1.0,부천역,경기도 부천시 부천로 20 지하1층
올리브영,1.0,부천역,경기도 부천시 심곡본동 316-2
스타벅스,1.0,부천역,경기도 부천시 원미구 심곡동 174-1
이디야,1.0,소사역,경기도 부천시 소사로282번길 8
다이소,1.0,소사역,경기도 부천시 소사구 소사본동 395
올리브영,1.0,소사역,경기도 부천시 원미구 부천로9번길 28
스타벅스,1.0,소사역,경기도 부천시 원미구 심곡동 174-1
이디야,1.0,역곡역,경기도 부천시 원미구 역곡동 82-8
다이소,1.0,역곡역,경기도 부천시 원미구 역곡동 80-6
올리브영,1.0,역곡역,역곡동 77-9번지 부천시 경기도 KR
스타벅스,1.0,역곡역,경기도 부천시 경인로 485
이디야,1.0,온수역,서울특별시 구로구 온수동 51-7
다이소,1.0,온수역,경기도 부천시 소사구 역곡3동 113-3
올리브영,1.0,온수역,역곡동 77-9번지 부천시 경기도 KR
스타벅스,1.0,온수역,경기도 부천시 경인로 485
이디야,1.0,오류동역,서울특별시 구로구 오류동 51-31
다이소,1.0,오류동역,서울특별시 구로구 오류동 경인로 209
올리브영,1.0,오류동역,서울특별시 구로구 오류1동 51-9
스타벅스,1.0,오류동역,서울특별시 구로구 경인로 216
이디야,1.0,개봉역,"2 층, 403-50 개봉동 구로구 서울특별시"
다이소,1.0,개봉역,서울특별시 구로구 개봉1동 경인로40길 41 대덕빌딩 지하
올리브영,1.0,개봉역,서울특별시 양천구 오목로 300 현대하이페리온2
스타벅스,1.0,개봉역,서울특별시 구로구 고척동 72-59
이디야,1.0,구일역,서울특별시 구로구 구로동 642-108
다이소,1.0,구일역,서울특별시 구로구 구로5동 가마산로 263 뉴월드빌딩 지하 1층
올리브영,1.0,구일역,서울특별시 구로구 오류1동 51-9
스타벅스,1.0,구일역,구로구 NC 573 KR 서울특별시 구로구 구로동
이디야,1.0,구로역,서울특별시 구로구 구로동 번지 109호 호 603-9 스타팰리스
다이소,1.0,구로역,서울특별시 구로구 구로5동 가마산로 263 뉴월드빌딩 지하 1층
올리브영,1.0,구로역,서울특별시 구로구 구로3동 187-10
스타벅스,1.0,구로역,구로구 NC 573 KR 서울특별시 구로구 구로동
이디야,1.0,가산디지털단지역,서울특별시 금천구 가산동 470-5
다이소,1.0,가산디지털단지역,서울특별시 금천구 벚꽃로 266
올리브영,1.0,가산디지털단지역,서울특별시 금천구 가산동 372-41
스타벅스,1.0,가산디지털단지역,서울특별시 금천구 50-3
이디야,1.0,독산역,서울특별시 금천구 시흥대로 399
다이소,1.0,독산역,서울특별시 금천구 독산1동 시흥대로 403 셈프레팜
올리브영,1.0,독산역,서울특별시 금천구 시흥동 883-7번지 1층
스타벅스,1.0,독산역,서울특별시 금천구 시흥대로 399
이디야,1.0,금천구청역,서울특별시 금천구 시흥대로 198
다이소,1.0,금천구청역,서울특별시 금천구 시흥1동 883-2
올리브영,1.0,금천구청역,서울특별시 금천구 시흥동 883-7번지 1층
스타벅스,1.0,금천구청역,"서울특별시 금천구 시흥동 1031 엠타워 112,113,114,115호"
이디야,1.0,광명역,경기도 광명시 일직동 광명역로 21
다이소,1.0,광명역,경기도 광명시 광명로 907
올리브영,1.0,광명역,경기도 광명시 일직동 513
스타벅스,1.0,광명역,"광명역써밋플레이스, 16 양지로, 일직동 광명시 경기도"
이디야,1.0,석수역,만안구 석수동 425-1번지 1층 105 106호 안양시 경기도 KR
다이소,1.0,석수역,경기도 안양시 만안구 석수동 314-1
올리브영,1.0,석수역,경기도 안양시 만안구 안양동 1189-1번지 지하층 D20호 일번가 지하쇼핑몰
스타벅스,1.0,석수역,경기도 안양시 만안구 만안구 석수동 385-3
이디야,1.0,관악역,만안구 석수동 425-1번지 1층 105 106호 안양시 경기도 KR
다이소,1.0,관악역,경기도 안양시 만안구 석수동 314-1
올리브영,1.0,관악역,서울특별시 관악구 봉천동 관악로 171
스타벅스,1.0,관악역,경기도 안양시 만안구 만안구 석수동 385-3
이디야,1.0,안양역,경기도 안양시 만안구 만안로 207
다이소,1.0,안양역,경기도 안양시 만안구 만안로 207
올리브영,1.0,안양역,경기도 안양시 만안구 안양동 674-105
스타벅스,1.0,안양역,경기도 안양시 만안구 안양동 88-1 2필지 민자역사 1층 001호
이디야,1.0,명학역,경기도 안양시 만안구 태평로60번길 42
다이소,1.0,명학역,경기도 안양시 만안구 안양동 안양로 145
올리브영,1.0,명학역,경기도 안양시 만안구 안양동 674-105
스타벅스,1.0,명학역,"경기도 안양시 만안구 안양동 1410 KR 128,129,130,132,133,134,135,136호"
이디야,1.0,금정역,경기도 군포시 산본동 산본천로 216
다이소,1.0,금정역,경기도 군포시 군포로 486
올리브영,1.0,금정역,경기도 군포시 산본1동 266-7
스타벅스,1.0,금정역,"경기도 군포시 금정동 엘에스로 143 힐스테이트 금정역), AK플라자 4층"
이디야,1.0,군포역,경기도 군포시 당동 751-7번지 KR 1층
다이소,1.0,군포역,경기도 군포시 군포로 486
올리브영,1.0,군포역,경기도 군포시 산본1동 266-7
스타벅스,1.0,군포역,경기도 군포시 산본동 111 KR
이디야,1.0,당정역,당정동 1013-1번지 103호 동원빌딩 군포시 경기도 KR
다이소,1.0,당정역,경기도 군포시 군포로 486
올리브영,1.0,당정역,경기도 군포시 당동 921-3
스타벅스,1.0,당정역,경기도 군포시 당정동 1015-5
이디야,1.0,의왕역,경기도 의왕시 삼동 199-1
다이소,1.0,의왕역,경기도 의왕시 삼동 192-60
올리브영,1.0,의왕역,KR 경기 의왕시 삼동 471-24
스타벅스,1.0,의왕역,경기도 의왕시 청계동 829-4 KR
이디야,1.0,성균관대역,경기도 수원시 장안구 율전동 292-7
다이소,1.0,성균관대역,경기도 수원시 장안구 율전동 495-2
올리브영,1.0,성균관대역,경기도 수원시 장안구 율전동 285-8
스타벅스,1.0,성균관대역,경기도 수원시 장안구 서부로 2131
이디야,1.0,화서역,경기도 수원시 팔달구 화서동 174-14
다이소,1.0,화서역,경기도 수원시 팔달구 화서2동 410-1
올리브영,1.0,화서역,경기도 수원시 팔달구 향교로 5 1층
스타벅스,1.0,화서역,경기도 수원시 팔달구 매산로 11
이디야,1.0,수원역,경기도 수원시 팔달구 매산로2가 40-34
다이소,1.0,수원역,경기도 수원시 팔달구 매산로1가 덕영대로 924
올리브영,1.0,수원역,경기도 수원시 팔달구 덕영대로
스타벅스,1.0,수원역,경기도 수원시 팔달구 매산로1가 18 KR AK플라자
이디야,1.0,세류역,경기도 수원시 권선구 세류1동 230-39
다이소,1.0,세류역,경기도 수원시 권선구 세류동 경수대로 291
올리브영,1.0,세류역,경기도 수원시 권선구 권선동 1192-1
스타벅스,1.0,세류역,경기도 수원시 권선구 세류동 325-1 KR
이디야,1.0,병정역,경기도 화성시 진안동 527-16
다이소,1.0,병정역,경기도 화성시 병점동 431-54
올리브영,1.0,병정역,진안동 914-2번지 화성시 경기도 KR
스타벅스,1.0,병정역,경기도 화성시 진안동 873-4
이디야,1.0,신도림역,서울특별시 구로구 신도림 테크노마트 1층
다이소,1.0,신도림역,서울특별시 구로구 신도림동 경인로 662 디큐브시티
올리브영,1.0,신도림역,서울특별시 구로구 신도림동 360-51
스타벅스,1.0,신도림역,서울특별시 구로구 신도림동 413-9
이디야,1.0,영등포역,서울특별시 영등포구 영등포동 423-103
다이소,1.0,영등포역,서울특별시 영등포구 영등포동3가 9-2
올리브영,1.0,영등포역,서울특별시 영등포구 영중로 15
스타벅스,1.0,영등포역,서울특별시 영등포구 영등포동1가 143-3 J&AMP;S
이디야,1.0,신길역,서울특별시 영등포구 신길동 59-2
다이소,1.0,신길역,신길동 110-5번지 지하1층 B동 01호 태화빌딩 영등포구 서울특별시 KR
올리브영,1.0,신길역,KR 서울 영등포구 신길동 103-9
스타벅스,1.0,신길역,서울특별시 영등포구 신길동 252-9
이디야,1.0,대방역,서울특별시 동작구 대방동 노량진로 24
다이소,1.0,대방역,서울특별시 동작구 대방동 341-2
올리브영,1.0,대방역,서울특별시 영등포구 영등포로 422
스타벅스,1.0,대방역,노량진로 134 동작구 서울특별시 KR
이디야,1.0,노량진역,서울특별시 동작구 노량진2동 노량진로 110
다이소,1.0,노량진역,서울특별시 동작구 노량진로 166
올리브영,1.0,노량진역,서울특별시 동작구 노량진로 162
스타벅스,1.0,노량진역,노량진로 134 동작구 서울특별시 KR
이디야,1.0,용산역,서울특별시 용산구 한강대로 52-1
다이소,1.0,용산역,서울특별시 용산구 한강로동 한강대로21나길 7
올리브영,1.0,용산역,서울특별시 용산구 한강로3가 40-999
스타벅스,1.0,용산역,서울특별시 용산구 한강로3가 한강대로23길 55 6층
이디야,1.0,남영역,"번지 2 층, 87 갈월동 용산구 서울특별시"
다이소,1.0,남영역,서울특별시 용산구 갈월동 한강대로77길 12 국제전산빌딩
올리브영,1.0,남영역,서울특별시 용산구 남영동 한강대로 285
스타벅스,1.0,남영역,서울특별시 용산구 갈월동 90-8
이디야,1.0,서울역,서울특별시 용산구 동자동 후암로 93
다이소,1.0,서울역,서울특별시 용산구 한강대로 405
올리브영,1.0,서울역,서울특별시 용산구 한강대로 405
스타벅스,1.0,서울역,서울특별시 용산구 동자동 43-205 서울역(철도역
이디야,1.0,시청역,서울특별시 중구 무교동 세종대로20길 23
다이소,1.0,시청역,서울특별시 중구 세종대로
올리브영,1.0,시청역,서울특별시 중구 세종대로16길 1
스타벅스,1.0,시청역,서울특별시 중구 을지로1가 50 삼성 화재 삼성 빌딩 1 층
이디야,1.0,종각역,종로타워 지하 KR 서울특별시 종로구 종로 51 1층
다이소,1.0,종각역,종로타워 지하 KR 서울특별시 종로구 종로 51 1층
올리브영,1.0,종각역,서울특별시 종로구 종로2가 7
스타벅스,1.0,종각역,서울특별시 종로구 종로 64
이디야,1.0,종로3가역,서울특별시 종로구 종로 126
다이소,1.0,종로3가역,서울특별시 종로구 종로2가 삼일대로 395
올리브영,1.0,종로3가역,서울특별시 종로구 종로3가 117
스타벅스,1.0,종로3가역,서울특별시 종로구 종로 113-1
이디야,1.0,종로5가역,서울특별시 종로구 종로5가 182-5
다이소,1.0,종로5가역,서울특별시 종로구 종로5가 182-5
올리브영,1.0,종로5가역,서울특별시 종로구 종로2가
스타벅스,1.0,종로5가역,서울특별시 종로구 인의동 48-2
이디야,1.0,동대문역,서울특별시 종로구 율곡로 286
다이소,1.0,동대문역,서울특별시 종로구 창신동 율곡로 309
올리브영,1.0,동대문역,서울특별시 중구 장충단로 251
스타벅스,1.0,동대문역,서울특별시 중구 장충단로 229
이디야,1.0,동묘앞역,서울특별시 종로구 율곡로 286
다이소,1.0,동묘앞역,서울특별시 종로구 숭인동 85
올리브영,1.0,동묘앞역,서울특별시 종로구 창신동 266-1
스타벅스,1.0,동묘앞역,서울특별시 종로구 숭인동 310 대우 디오빌
이디야,1.0,신설동역,서울특별시 종로구 숭인동
다이소,1.0,신설동역,서울특별시 종로구 창신동 율곡로 309
올리브영,1.0,신설동역,서울특별시 동대문구 신설동
스타벅스,1.0,신설동역,서울특별시 동대문구 왕산로 19
이디야,1.0,제기동역,용두동 119-1번지 동대문구 서울특별시 KR
다이소,1.0,제기동역,서울특별시 동대문구 제기동 번지 지하 1054-1 1층
올리브영,1.0,제기동역,서울특별시 동대문구 전농동 왕산로 214
스타벅스,1.0,제기동역,서울특별시 동대문구 왕산로 19
이디야,1.0,청량리역,서울특별시 동대문구 청량리동 왕산로 225 미주상가
다이소,1.0,청량리역,서울특별시 동대문구 청량리동
올리브영,1.0,청량리역,서울특별시 동대문구 전농동 왕산로 214
스타벅스,1.0,청량리역,서울특별시 동대문구 전농동 591-53
이디야,1.0,회기역,서울특별시 동대문구 휘경동
다이소,1.0,회기역,서울특별시 동대문구 휘경동 320-3
올리브영,1.0,회기역,서울특별시 동대문구 휘경동
스타벅스,1.0,회기역,서울특별시 동대문구 회기동 이문로 37
이디야,1.0,외대앞역,서울특별시 동대문구 이문동 305-59
다이소,1.0,외대앞역,서울특별시 동대문구 이문동 휘경로 15
올리브영,1.0,외대앞역,서울특별시 동대문구 이문동 270-1
스타벅스,1.0,외대앞역,서울특별시 동대문구 이문1동 이문로19길 8-1
이디야,1.0,신이문역,서울특별시 동대문구 이문동 305-59
다이소,1.0,신이문역,서울특별시 동대문구 이문동 휘경로 15
올리브영,1.0,신이문역,서울특별시 동대문구 이문동 270-1
스타벅스,1.0,신이문역,서울특별시 동대문구 이문1동 이문로19길 8-1
이디야,1.0,석계역,"1 층, 168-2 석관동 성북구 서울특별시"
다이소,1.0,석계역,서울특별시 노원구 월계동 63-10
올리브영,1.0,석계역,서울특별시 노원구 월계동 55-14
스타벅스,1.0,석계역,"1 층, 168-2 석관동 성북구 서울특별시"
이디야,1.0,광운대역,서울특별시 노원구 월계1동 광운로 29
다이소,1.0,광운대역,서울특별시 노원구 월계동 63-10
올리브영,1.0,광운대역,월계동 413-1번지 1층 2호 노원구 서울특별시 KR
스타벅스,1.0,광운대역,서울특별시 노원구 석계로 104
이디야,1.0,월계역,월계동 290-1번지 1층 ID시티 노원구 서울특별시 KR
다이소,1.0,월계역,서울특별시 노원구 월계동 63-10
올리브영,1.0,월계역,월계동 413-1번지 1층 2호 노원구 서울특별시 KR
스타벅스,1.0,월계역,서울특별시 노원구 월계동 초안산로2라길 26
이디야,3.0,오금역,"가락 스타 클래스, 8 가락동 송파구 서울특별시"
다이소,3.0,오금역,서울특별시 송파구 가락동 7
올리브영,3.0,오금역,서울특별시 송파구 가락동 167-4
스타벅스,3.0,오금역,송파구 오금동 17-8
이디야,3.0,경찰병원역,서울특별시 송파구 가락동 송이로 87
다이소,3.0,경찰병원역,서울특별시 송파구 가락본동 중대로 109
올리브영,3.0,경찰병원역,가락동 99-7번지 102호 가락아이디타워 1층 송파구 서울특별시 KR
스타벅스,3.0,경찰병원역,송파구 중대로 121
이디야,3.0,가락시장역,가락동 600번지 판매동 3층 07호 -1호 가락농수산물시장 송파구 서울특별시 KR
다이소,3.0,가락시장역,서울특별시 송파구 가락본동 중대로 109
올리브영,3.0,가락시장역,가락동 99-7번지 102호 가락아이디타워 1층 송파구 서울특별시 KR
스타벅스,3.0,가락시장역,송파구 중대로 121
이디야,3.0,수서역,서울특별시 강남구 수서동 광평로 280
다이소,3.0,수서역,서울특별시 송파구 가락본동 중대로 109
올리브영,3.0,수서역,서울특별시 강남구 광평로
스타벅스,3.0,수서역,서울특별시 강남구 광평로 281
이디야,3.0,일원역,서울특별시 강남구 일원동 685-13
다이소,3.0,일원역,서울특별시 강남구 광평로
올리브영,3.0,일원역,서울특별시 강남구 일원동 717번지 삼성생명일원역빌딩 1층 114호
스타벅스,3.0,일원역,서울특별시 강남구 광평로 281
이디야,3.0,대청역,서울특별시 강남구 일원동 685-13
다이소,3.0,대청역,서울특별시 강남구 도곡로 435
올리브영,3.0,대청역,서울특별시 강남구 일원동 717번지 삼성생명일원역빌딩 1층 114호
스타벅스,3.0,대청역,서울특별시 강남구 대치동 994-10
이디야,3.0,학여울역,서울특별시 강남구 대치동 943-24
다이소,3.0,학여울역,서울특별시 강남구 남부순환로 2921
올리브영,3.0,학여울역,서울특별시 강남구 대치1동 622-1
스타벅스,3.0,학여울역,서울특별시 강남구 대치동 994-10
이디야,3.0,대치역,서울특별시 강남구 대치4동 935-1
다이소,3.0,대치역,서울특별시 강남구 남부순환로 2921
올리브영,3.0,대치역,서울특별시 강남구 대치1동 622-1
스타벅스,3.0,대치역,남부순환로 2936 원플러스 상가 107호 강남구 서울특별시 KR
이디야,3.0,도곡역,도곡동 467-18번지 우성캐릭터빌 199 103호 이디야 도곡점 강남구 서울특별시 KR
다이소,3.0,도곡역,서울특별시 강남구 도곡동 544-2
올리브영,3.0,도곡역,서울특별시 강남구 도곡동 467-14번지
스타벅스,3.0,도곡역,강남구 대치동 651
이디야,3.0,매봉역,도곡동 467-18번지 우성캐릭터빌 199 103호 이디야 도곡점 강남구 서울특별시 KR
다이소,3.0,매봉역,서울특별시 강남구 남부순환로 2748
올리브영,3.0,매봉역,서울특별시 강남구 도곡동 467-14번지
스타벅스,3.0,매봉역,서울특별시 강남구 도곡로 205
이디야,3.0,양재역,서울특별시 서초구 양재1동 강남대로 221
다이소,3.0,양재역,서울특별시 서초구 양재동 남부순환로 2614 한솔로이젠트
올리브영,3.0,양재역,서울특별시 서초구 남부순환로 2585
스타벅스,3.0,양재역,서울특별시 서초구 양재1동 강남대로 202
이디야,3.0,남부터미널역,서울특별시 서초구 서초동 1444-2
다이소,3.0,남부터미널역,서울특별시 서초구 서초중앙로 36
올리브영,3.0,남부터미널역,서울특별시 서초구 서초동 1602-2
스타벅스,3.0,남부터미널역,서울특별시 서초구 서초동 1457-1
이디야,3.0,교대역,서울특별시 서초구 서초동 1669-15
다이소,3.0,교대역,서울특별시 서초구 서초동 서초대로 320
올리브영,3.0,교대역,서울특별시 서초구 서초동 1576-8
스타벅스,3.0,교대역,서울특별시 서초구 서초동 서초중앙로 138
이디야,3.0,고속터미널역,서울특별시 서초구 반포동 194
다이소,3.0,고속터미널역,서울특별시 서초구 반포4동 19-4
올리브영,3.0,고속터미널역,"서울특별시 서초구 반포동 로 지하 188 26, 27호 엔터식스 강남점"
스타벅스,3.0,고속터미널역,서울특별시 서초구 신반포로 194
이디야,3.0,잠원역,서울특별시 서초구 잠원동 38-26
다이소,3.0,잠원역,서울특별시 서초구 반포4동 19-4
올리브영,3.0,잠원역,서울특별시 서초구 잠원로 51 NC백화점 강남점 1관 1층
스타벅스,3.0,잠원역,서울특별시 서초구 잠원동 신반포로 257
이디야,3.0,신사역,서울특별시 강남구 압구정로2길 62
다이소,3.0,신사역,서울특별시 강남구 논현동 강남대로 596
올리브영,3.0,신사역,서울특별시 강남구 도산대로 116 논현빌딩 1층
스타벅스,3.0,신사역,서울특별시 강남구 도산대로 116 논현빌딩 1층
이디야,3.0,압구정역,논현로167길 16 KR 서울특별시 강남구 106 호 2층
다이소,3.0,압구정역,서울특별시 강남구 논현로 878
올리브영,3.0,압구정역,서울특별시 강남구 신사동 611-1
스타벅스,3.0,압구정역,서울특별시 강남구 압구정로30길 17
이디야,3.0,옥수역,서울특별시 성동구 옥수동 365-20
다이소,3.0,옥수역,서울특별시 성동구 동호로 21
올리브영,3.0,옥수역,서울특별시 성동구 금호동4가 544
스타벅스,3.0,옥수역,서울특별시 성동구 옥수동 262-1
이디야,3.0,금호역,"66, 금호산길 성동구 서울특별시"
다이소,3.0,금호역,서울특별시 성동구 독서당로 290-1
올리브영,3.0,금호역,서울특별시 성동구 금호동4가 544
스타벅스,3.0,금호역,서울특별시 성동구 금호동4가 1483
이디야,3.0,약수역,서울특별시 중구 신당동 373-70번지 1층
다이소,3.0,약수역,서울특별시 중구 신당동 다산로 130-1
올리브영,3.0,약수역,신당동 369-7번지 중구 서울특별시 KR
스타벅스,3.0,약수역,서울특별시 중구 다산로 129
이디야,3.0,동대입구역,서울특별시 중구 신당동 373-70번지 1층
다이소,3.0,동대입구역,서울특별시 중구 신당동 다산로 130-1
올리브영,3.0,동대입구역,신당동 369-7번지 중구 서울특별시 KR
스타벅스,3.0,동대입구역,서울특별시 중구 장충단로 166
이디야,3.0,충무로역,서울특별시 중구 필동 퇴계로 188
다이소,3.0,충무로역,서울특별시 중구 명동길 43
올리브영,3.0,충무로역,서울특별시 중구 필동2가 37-10
스타벅스,3.0,충무로역,서울특별시 중구 필동 퇴계로 197
이디야,3.0,을지로3가역,서울특별시 중구 수표로 45
다이소,3.0,을지로3가역,서울특별시 중구 명동길 43
올리브영,3.0,을지로3가역,서울특별시 중구 명동3길 36
스타벅스,3.0,을지로3가역,서울특별시 중구 수표로 34
이디야,3.0,안국역,서울특별시 중구 남대문로 29-2
다이소,3.0,안국역,서울특별시 종로구 안국동 율곡로 45
올리브영,3.0,안국역,서울특별시 종로구 안국동 175-3
스타벅스,3.0,안국역,서울특별시 종로구 재동 109
이디야,3.0,경복궁역,서울특별시 종로구 자하문로 7
다이소,3.0,경복궁역,서울특별시 종로구 적선동 사직로 125
올리브영,3.0,경복궁역,서울특별시 종로구 종로 19
스타벅스,3.0,경복궁역,서울특별시 종로구 자하문로4길 6
이디야,3.0,독립문역,서울특별시 종로구 무악동 통일로 266
다이소,3.0,독립문역,서울특별시 서대문구 홍제동 469
올리브영,3.0,독립문역,서울특별시 종로구 교남동 62
스타벅스,3.0,독립문역,서울특별시 종로구 통일로 168-1
이디야,3.0,무악재역,서울특별시 서대문구 홍제동 90-47
다이소,3.0,무악재역,서울특별시 서대문구 홍제동 161-1
올리브영,3.0,무악재역,서울특별시 서대문구 홍제3동 통일로 446
스타벅스,3.0,무악재역,서울특별시 서대문구 통일로 451
이디야,3.0,홍제역,서울특별시 서대문구 홍제동
다이소,3.0,홍제역,서울특별시 서대문구 홍제동 161-1
올리브영,3.0,홍제역,서울특별시 서대문구 홍제3동 통일로 446
스타벅스,3.0,홍제역,서울특별시 서대문구 통일로 451
이디야,3.0,녹변역,녹번동 131-158번지 1층 신명빌딩 은평구 서울특별시 KR
다이소,3.0,녹변역,서울특별시 은평구 갈현동 468-2
올리브영,3.0,녹변역,서울특별시 은평구 응암동 91-3
스타벅스,3.0,녹변역,서울특별시 은평구 녹번동 통일로 636
이디야,3.0,불광역,서울특별시 은평구 불광1동 불광로 59
다이소,3.0,불광역,서울특별시 은평구 대조동 통일로67길 3 상일빌딩
올리브영,3.0,불광역,서울특별시 은평구 불광동 통일로 736
스타벅스,3.0,불광역,서울특별시 은평구 대조동 15-9
이디야,3.0,연신내역,서울특별시 은평구 갈현동 398-6
다이소,3.0,연신내역,서울특별시 은평구 불광동 연서로 253
올리브영,3.0,연신내역,서울특별시 은평구 갈현동 396-4
스타벅스,3.0,연신내역,서울특별시 은평구 통일로 842
이디야,3.0,구파발역,서울특별시 은평구 진관동 29-21
다이소,3.0,구파발역,서울특별시 은평구 진관동 통일로 1050
올리브영,3.0,구파발역,서울특별시 은평구 진관동 100-6
스타벅스,3.0,구파발역,서울특별시 은평구 진관동 진관2로 12
이디야,3.0,지축역,경기도 고양시 덕양구 지축동 643-3
다이소,3.0,지축역,경기도 고양시 덕양구 삼송동 16-45번지
올리브영,3.0,지축역,경기도 고양시 덕양구 권율 대로 893
스타벅스,3.0,지축역,경기도 고양시 덕양구 삼송동 291 KR
이디야,3.0,대화역,경기도 고양시 일산서구 대화동 2222
다이소,3.0,대화역,일산서구 일산동 1054-1번지 1층 고양시 경기도 KR
올리브영,3.0,대화역,경기도 고양시 일산서구 대화동 2219
스타벅스,3.0,대화역,경기도 고양시 일산서구 중앙로 1559
이디야,3.0,대곡역,경기도 고양시 일산서구 대화동 2222
다이소,3.0,대곡역,경기도 고양시 덕양구 토당동 토당로 110
올리브영,3.0,대곡역,일산서구 일산동 1084-1번지 고양시 경기도 KR
스타벅스,3.0,대곡역,경기도 고양시 일산동구 일산동구 백석동 1296-3
이디야,5.0,마천역,거여동 133-77번지 송파구 서울특별시 KR
다이소,5.0,마천역,마천동 127-9번지 지하 송파구 서울특별시 KR
올리브영,5.0,마천역,서울특별시 송파구 거여동 27-5
스타벅스,5.0,마천역,서울특별시 송파구 마천동 43-1
이디야,5.0,거여역,서울특별시 송파구 거여1동 오금로 497
다이소,5.0,거여역,서울특별시 송파구 거여2동 거마로 12 지하1층
올리브영,5.0,거여역,서울특별시 송파구 거여동 27-5
스타벅스,5.0,거여역,서울특별시 송파구 오금로 493
이디야,5.0,개롱역,서울특별시 송파구 오금동 165
다이소,5.0,개롱역,서울특별시 송파구 가락본동 중대로 109
올리브영,5.0,개롱역,서울특별시 송파구 가락동 167-4
스타벅스,5.0,개롱역,서울특별시 송파구 오금로 420
이디야,5.0,오금역,"가락 스타 클래스, 8 가락동 송파구 서울특별시"
다이소,5.0,오금역,서울특별시 송파구 가락동 7
올리브영,5.0,오금역,서울특별시 송파구 가락동 167-4
스타벅스,5.0,오금역,송파구 오금동 17-8
이디야,5.0,방이역,서울특별시 송파구 방이동 208-6
다이소,5.0,방이역,서울특별시 송파구 방이동 백제고분로48길 5
올리브영,5.0,방이역,서울특별시 송파구 방이동 207-10
스타벅스,5.0,방이역,송파구 오금동 17-8
이디야,5.0,올림픽공원역,서울특별시 송파구 방이동 89-11
다이소,5.0,올림픽공원역,서울특별시 송파구 방이동 백제고분로48길 5
올리브영,5.0,올림픽공원역,서울특별시 송파구 방이동 89-12
스타벅스,5.0,올림픽공원역,서울특별시 송파구 위례성대로 102 태평양파크빌라트 1층
이디야,5.0,둔촌동역,서울특별시 강동구 성내3동 415-8
다이소,5.0,둔촌동역,서울특별시 강동구 양재대로 1355 지하 1층
올리브영,5.0,둔촌동역,서울특별시 강동구 양재대로 1317
스타벅스,5.0,둔촌동역,서울특별시 강동구 양재대로 1303
