건물,호선,역,주소,cor
스타벅스,2.0,까치산,서울특별시 강서구 강서로 13길 3,"X :126.846079, Y :37.5322899"
다이소,2.0,까치산,서울특별시 강서구 화곡1동 343-58,"X :126.846669, Y :37.5310923"
이디야,2.0,까치산,서울특별시 강서구 화곡동 349-15,"X :126.845182, Y :37.5334059"
올리브영,2.0,까치산,서울특별시 강서구 강서로13길 3,"X :126.846079, Y :37.5322899"
스타벅스,2.0,신정네거리,서울특별시 양천구 신정동 981-15,"X :126.858815, Y :37.5219986"
다이소,2.0,신정네거리,서울특별시 양천구 신월로 291,"X :126.853556, Y :37.5214695"
이디야,2.0,신정네거리,서울특별시 양천구 신정동 922-17,"X :126.854635, Y :37.5249487"
올리브영,2.0,신정네거리,신정동 1032-11번지 양천구 서울특별시 KR,"X :126.853662, Y :37.5190550"
스타벅스,2.0,양천구청,서울특별시 양천구 목동 923,"X :126.870592, Y :37.5280038"
다이소,2.0,양천구청,서울특별시 양천구 신정동 오목로 238 LOND사옥,"X :126.863842, Y :37.5258698"
이디야,2.0,양천구청,서울특별시 양천구 신정동 323-16,"X :126.862289, Y :37.5152993"
올리브영,2.0,양천구청,서울특별시 양천구 신정동 목동동로 73,"X :126.862820, Y :37.5157684"
스타벅스,2.0,도림천,서울특별시 구로구 신도림동 413-9,"X :126.883931, Y :37.5054568"
다이소,2.0,도림천,서울특별시 구로구 신도림동 경인로 662 디큐브시티,"X :126.889592, Y :37.5089852"
이디야,2.0,도림천,서울특별시 구로구 신도림동 신도림로 65 101호,"X :126.882070, Y :37.5096086"
올리브영,2.0,도림천,서울특별시 구로구 신도림동 360-51,"X :126.882160, Y :37.5100141"
스타벅스,2.0,신도림,서울특별시 구로구 신도림동 413-9,"X :126.883931, Y :37.5054568"
다이소,2.0,신도림,서울특별시 구로구 신도림동 경인로 662 디큐브시티,"X :126.889592, Y :37.5089852"
이디야,2.0,신도림,서울특별시 구로구 신도림 테크노마트 1층,"X :우편번호없음, Y :x좌표없음"
올리브영,2.0,신도림,서울특별시 구로구 신도림동 360-51,"X :126.882160, Y :37.5100141"
스타벅스,2.0,문래,서울특별시 영등포구 문래동3가 55-5,"X :126.894862, Y :37.5171171"
다이소,2.0,문래,서울특별시 영등포구 당산로 42,"X :126.895902, Y :37.5182083"
이디야,2.0,문래,서울특별시 영등포구 문래동3가,"X :우편번호없음, Y :x좌표없음"
올리브영,2.0,문래,서울특별시 영등포구 문래동6가 5,"X :126.889033, Y :37.5196345"
스타벅스,2.0,영등포구청,"389-7 KR 서울특별시 영등포구 당산동3가 393, 389-2","X :x좌표없음, Y :y좌표없음"
다이소,2.0,영등포구청,서울특별시 영등포구 당산동5가 양평로 49 대림빌딩,"X :126.900948, Y :37.5340882"
이디야,2.0,영등포구청,서울특별시 영등포구 당산동3가 당산로 110,"X :126.896594, Y :37.5245159"
올리브영,2.0,영등포구청,서울특별시 영등포구 당산동5가,"X :우편번호없음, Y :x좌표없음"
스타벅스,2.0,당산,서울특별시 영등포구 당산로 231,"X :126.901886, Y :37.5344584"
다이소,2.0,당산,서울특별시 영등포구 당산동5가 양평로 49 대림빌딩,"X :126.900948, Y :37.5340882"
이디야,2.0,당산,당산동5가 11-33번지 당산디오빌 103-4호 영등포구 서울특별시 KR,"X :126.902273, Y :37.5332244"
올리브영,2.0,당산,서울특별시 영등포구 당산동5가,"X :우편번호없음, Y :x좌표없음"
스타벅스,2.0,합정,서울특별시 마포구 합정동 월드컵로1길 14,"X :126.912175, Y :37.5499818"
다이소,2.0,합정,서울특별시 마포구 합정동 독막로 33-1,"X :126.917303, Y :37.5483998"
이디야,2.0,합정,서울특별시 마포구 독막로2길 5,"X :126.914825, Y :37.5482538"
올리브영,2.0,합정,서울특별시 마포구 합정동 391-19,"X :126.909618, Y :37.5500158"
스타벅스,2.0,홍대입구,서울특별시 마포구 양화로 125,"X :126.920273, Y :37.5547088"
다이소,2.0,홍대입구,서울특별시 마포구 양화로 182,"X :126.925555, Y :37.5577577"
이디야,2.0,홍대입구,서울특별시 마포구 서교동 351-5,"X :126.920645, Y :37.5555920"
올리브영,2.0,홍대입구,서울특별시 마포구 동교동 양화로 156 엘지 팰리스,"X :126.923429, Y :37.5560624"
스타벅스,2.0,신촌,서울특별시 서대문구 신촌로 73,"X :126.934791, Y :37.5563126"
다이소,2.0,신촌,서울특별시 마포구 노고산동 신촌로 90 신촌역,"X :126.935573, Y :37.5552679"
이디야,2.0,신촌,서울특별시 서대문구 창천동 4-1,"X :126.941444, Y :37.5589561"
올리브영,2.0,신촌,서울특별시 서대문구 신촌로 121,"X :126.939262, Y :37.5562250"
스타벅스,2.0,이대,서울특별시 서대문구 이화여대길 34,"X :126.945937, Y :37.5584718"
다이소,2.0,이대,서울특별시 서대문구 신촌로 183,"X :126.946402, Y :37.5570574"
이디야,2.0,이대,서울특별시 서대문구 창천동 4-1,"X :126.941444, Y :37.5589561"
올리브영,2.0,이대,서울특별시 서대문구 이화여대길 43,"X :126.945518, Y :37.5588139"
스타벅스,2.0,아현,서울특별시 서대문구 신촌로35길 10,"X :126.955818, Y :37.5582327"
다이소,2.0,아현,서울특별시 마포구 아현동 신촌로 270,"X :126.955784, Y :37.5570794"
이디야,2.0,아현,서울특별시 서대문구 북아현동 1015번지 이편한세상신촌4단지 1층 110호,"X :126.956066, Y :37.5585301"
올리브영,2.0,아현,서울특별시 마포구 아현동 738,"X :126.955470, Y :37.5521779"
스타벅스,2.0,충정로,서울특별시 서대문구 충정로3가 95-1,"X :126.963331, Y :37.5613528"
다이소,2.0,충정로,서울특별시 마포구 아현동 신촌로 270,"X :126.955784, Y :37.5570794"
이디야,2.0,충정로,서울특별시 서대문구 충정로3가 경기대로 26-26,"X :126.962211, Y :37.5612714"
올리브영,2.0,충정로,서울특별시 중구 세종대로16길 1,"X :126.977116, Y :37.5635549"
스타벅스,2.0,시청,서울특별시 중구 을지로1가 50 삼성 화재 삼성 빌딩 1 층,"X :126.979933, Y :37.5662944"
다이소,2.0,시청,서울특별시 중구 세종대로 광학빌딩,"X :126.976561, Y :37.5646720"
이디야,2.0,시청,서울특별시 중구 무교동 세종대로20길 23,"X :126.978824, Y :37.5671231"
올리브영,2.0,시청,서울특별시 중구 세종대로16길 1,"X :126.977116, Y :37.5635549"
스타벅스,2.0,을지로입구,서울특별시 중구 을지로 50,"X :126.983420, Y :37.5656553"
다이소,2.0,을지로입구,서울특별시 중구 명동길 43,"X :126.984722, Y :37.5639887"
이디야,2.0,을지로입구,서울특별시 중구 명동 다동길 46,"X :126.982038, Y :37.5679076"
올리브영,2.0,을지로입구,서울특별시 중구 명동3길 36,"X :126.983714, Y :37.5653310"
스타벅스,2.0,을지로3가,서울특별시 중구 수표로 34,"X :126.990336, Y :37.5644578"
다이소,2.0,을지로3가,서울특별시 중구 명동길 43,"X :126.984722, Y :37.5639887"
이디야,2.0,을지로3가,서울특별시 중구 수표로 45,"X :126.989656, Y :37.5654398"
올리브영,2.0,을지로3가,서울특별시 중구 명동3길 36,"X :126.983714, Y :37.5653310"
스타벅스,2.0,을지로4가,서울특별시 중구 을지로 170,"X :126.997274, Y :37.5660801"
다이소,2.0,을지로4가,서울특별시 종로구 창신동 율곡로 309,"X :127.009952, Y :37.5702694"
이디야,2.0,을지로4가,서울특별시 중구 수표로 45,"X :126.989656, Y :37.5654398"
올리브영,2.0,을지로4가,서울특별시 중구 명동3길 36,"X :126.983714, Y :37.5653310"
스타벅스,2.0,동역사,서울특별시 중구 장충단로 229,"X :127.007189, Y :37.5652060"
다이소,2.0,동역사,서울특별시 종로구 창신동 율곡로 309,"X :127.009952, Y :37.5702694"
이디야,2.0,동역사,광희동1가 189-2번지 1층 중구 서울특별시 KR,"X :127.006487, Y :37.5646114"
올리브영,2.0,동역사,서울특별시 중구 장충단로 251,"X :127.008027, Y :37.5671611"
스타벅스,2.0,신당,서울특별시 중구 다산로 258,"X :127.016618, Y :37.5660161"
다이소,2.0,신당,서울특별시 중구 신당동 퇴계로 438,"X :127.020194, Y :37.5654299"
이디야,2.0,신당,서울특별시 중구 황학동 2480,"X :127.022300, Y :37.5655737"
올리브영,2.0,신당,서울특별시 중구 흥인동 86,"X :127.016606, Y :37.5657818"
스타벅스,2.0,상왕십리,서울특별시 성동구 왕십리로 382,"X :127.027982, Y :37.5651131"
다이소,2.0,상왕십리,서울특별시 성동구 하왕십리동 890-181,"X :127.028638, Y :37.5642840"
이디야,2.0,상왕십리,서울특별시 성동구 하왕십리동 무학봉15길 27,"X :127.030177, Y :37.5636620"
올리브영,2.0,상왕십리,서울특별시 성동구 하왕십리동 왕십리로 382,"X :127.027982, Y :37.5651131"
스타벅스,2.0,왕십리,성동구 도선동 58-1,"X :127.033878, Y :37.5627420"
다이소,2.0,왕십리,서울특별시 성동구 행당동 왕십리광장로 17,"X :127.038416, Y :37.5610558"
이디야,2.0,왕십리,서울특별시 성동구 행당동 281-3,"X :127.034556, Y :37.5613633"
올리브영,2.0,왕십리,서울특별시 성동구 행당동 엔터식스,"X :우편번호없음, Y :x좌표없음"
스타벅스,2.0,한양대,서울특별시 성동구 행당동 왕십리로 225,"X :127.042092, Y :37.5571353"
다이소,2.0,한양대,서울특별시 성동구 행당동 왕십리광장로 17,"X :127.038416, Y :37.5610558"
이디야,2.0,한양대,서울특별시 성동구 행당동 281-3,"X :127.034556, Y :37.5613633"
올리브영,2.0,한양대,행당동 19-98번지 1층 성동구 서울특별시 KR,"X :127.040644, Y :37.5589197"
스타벅스,2.0,뚝섬,서울특별시 성동구 성수동1가 아차산로 42,"X :127.049090, Y :37.5464289"
다이소,2.0,뚝섬,성수동2가 561-1번지 승재빌딩 1층 성동구 서울특별시 KR,"X :127.055081, Y :37.5371460"
이디야,2.0,뚝섬,서울특별시 성동구 성수동1가 14-1,"X :127.048797, Y :37.5473480"
올리브영,2.0,뚝섬,서울특별시 성동구 성수동2가 300-65,"X :127.054465, Y :37.5452913"
스타벅스,2.0,성수,서울특별시 성동구 성수동2가 317-20 세림빌딩,"X :127.056941, Y :37.5432179"
다이소,2.0,성수,성수동2가 561-1번지 승재빌딩 1층 성동구 서울특별시 KR,"X :127.055081, Y :37.5371460"
이디야,2.0,성수,서울특별시 성동구 성수동2가 315-74 103호,"X :127.055222, Y :37.5442819"
올리브영,2.0,성수,서울특별시 성동구 성수동2가 300-65,"X :127.054465, Y :37.5452913"
스타벅스,2.0,건대입구,서울특별시 광진구 화양동 5-47,"X :127.070721, Y :37.5406878"
다이소,2.0,건대입구,서울특별시 광진구 아차산로 225 지하 1층,"X :127.068447, Y :37.5409414"
이디야,2.0,건대입구,서울특별시 광진구 화양동 한림타워 7-3 101호,"X :127.068967, Y :37.5407970"
올리브영,2.0,건대입구,서울특별시 광진구 화양동 동일로22길 115,"X :127.070450, Y :37.5407691"
스타벅스,2.0,구의,서울특별시 광진구 구의동 246-15,"X :127.084012, Y :37.5369942"
다이소,2.0,구의,서울특별시 광진구 아차산로 378,"X :127.084815, Y :37.5365071"
이디야,2.0,구의,구의동 244-50번지 1층 광진구 서울특별시 KR,"X :127.089298, Y :37.5381797"
올리브영,2.0,구의,서울특별시 광진구 자양2동 아차산로 378,"X :127.084815, Y :37.5365071"
스타벅스,2.0,강변,서울특별시 광진구 구의동 246-15,"X :127.084012, Y :37.5369942"
다이소,2.0,강변,서울특별시 광진구 강변역로 50,"X :127.093637, Y :37.5339687"
이디야,2.0,강변,서울특별시 광진구 구의3동 547,"X :127.092212, Y :37.5341230"
올리브영,2.0,강변,서울특별시 광진구 강변역로4길 10,"X :127.093582, Y :37.5355005"
스타벅스,2.0,잠실나루,서울특별시 송파구 송파동 59-9 송봉주유소,"X :127.110246, Y :37.5108170"
다이소,2.0,잠실나루,서울특별시 송파구 석촌호수로 88,"X :127.086865, Y :37.5084576"
이디야,2.0,잠실나루,서울특별시 송파구 장미시상가 내제 2층 206호,"X :우편번호없음, Y :x좌표없음"
올리브영,2.0,잠실나루,서울특별시 송파구 신천동 올림픽로 269,"X :127.100694, Y :37.5142852"
스타벅스,2.0,잠실,서울특별시 송파구 신천동 송파대로 562 1층,"X :127.099213, Y :37.5151965"
다이소,2.0,잠실,서울특별시 송파구 석촌호수로 88,"X :127.086865, Y :37.5084576"
이디야,2.0,잠실,서울특별시 송파구 신천동 11-4,"X :127.103424, Y :37.5174724"
올리브영,2.0,잠실,서울특별시 송파구 잠실6동 7-4 잠실역8호선 지하상가 H7~10호,"X :127.104201, Y :37.5149670"
스타벅스,2.0,잠실새내,송파구 잠실동 181,"X :127.081190, Y :37.5114529"
다이소,2.0,잠실새내,서울특별시 송파구 석촌호수로 88,"X :127.086865, Y :37.5084576"
이디야,2.0,잠실새내,서울특별시 송파구 서울특별시 잠실본동 잠실동 208번지 지층 102호,"X :127.085205, Y :37.5106572"
올리브영,2.0,잠실새내,서울특별시 송파구 잠실동 184-2,"X :127.083611, Y :37.5113881"
스타벅스,2.0,종합운동장,"175 Jamsil-Dong Songpa-Gu, Seoul, 서울특별시","X :x좌표없음, Y :y좌표없음"
다이소,2.0,종합운동장,서울특별시 송파구 잠실동 175-22,"X :127.078804, Y :37.5113554"
이디야,2.0,종합운동장,서울특별시 송파구 잠실본동 올림픽로 76,"X :127.078996, Y :37.5115534"
올리브영,2.0,종합운동장,서울특별시 송파구 잠실동 184-2,"X :127.083611, Y :37.5113881"
스타벅스,2.0,삼성,서울특별시 강남구 봉은사로 524,"X :127.058796, Y :37.5125020"
다이소,2.0,삼성,서울특별시 강남구 삼성1동 172-38,"X :127.060778, Y :37.5152851"
이디야,2.0,삼성,서울특별시 강남구 대치동 943-24,"X :127.059448, Y :37.5068254"
올리브영,2.0,삼성,서울특별시 강남구 역삼동 649-10,"X :127.029881, Y :37.4990426"
스타벅스,2.0,역삼,서울특별시 강남구 테헤란로 145,"X :127.035038, Y :37.5007531"
다이소,2.0,역삼,서울특별시 강남구 역삼1동 테헤란로 109,"X :127.028976, Y :37.4987995"
이디야,2.0,역삼,서울특별시 강남구 테헤란로25길 17,"X :127.035186, Y :37.5017983"
올리브영,2.0,역삼,서울특별시 강남구 역삼동 649-10,"X :127.029881, Y :37.4990426"
스타벅스,2.0,강남,서울특별시 강남구 강남대로 390,"X :127.028614, Y :37.4978266"
다이소,2.0,강남,서울특별시 강남구 역삼1동 테헤란로 109,"X :127.028976, Y :37.4987995"
이디야,2.0,강남,서울특별시 강남구 강남대로 396,"X :127.030014, Y :37.4931680"
올리브영,2.0,강남,서울특별시 서초구 서초4동 동일빌딩 1~3층 429 강남대로,"X :127.025754, Y :37.5007825"
스타벅스,2.0,교대,서울특별시 서초구 서초동 서초중앙로 138,"X :127.013957, Y :37.4942160"
다이소,2.0,교대,서울특별시 서초구 서초동 서초대로 320,"X :127.016581, Y :37.4941797"
이디야,2.0,교대,서울특별시 서초구 서초동 1669-15,"X :127.017089, Y :37.4934678"
올리브영,2.0,교대,서울특별시 서초구 서초동 1576-8,"X :127.013934, Y :37.4903597"
스타벅스,2.0,서초,서울특별시 서초구 서초동 1542-14,"X :127.008597, Y :37.4906485"
다이소,2.0,서초,서울특별시 서초구 서초동 서초대로 320,"X :127.016581, Y :37.4941797"
이디야,2.0,서초,서울특별시 서초구 서초대로48길 16,"X :127.011311, Y :37.4920358"
올리브영,2.0,서초,서울특별시 서초구 서초3동 1543-11,"X :127.009207, Y :37.4899006"
스타벅스,2.0,방배,"908-10 Bangbae-Dong Seocho-Gu, 1F, Seoul, 서울특별시","X :x좌표없음, Y :y좌표없음"
다이소,2.0,방배,서울특별시 서초구 방배동 효령로 117 한성빌딩,"X :126.996928, Y :37.4814584"
이디야,2.0,방배,서울특별시 서초구 방배동 방배로 87,"X :126.996871, Y :37.4821612"
올리브영,2.0,방배,서울특별시 서초구 방배본동 768-12,"X :126.985800, Y :37.4946481"
스타벅스,2.0,사당,"1031-27 Sadang-Dong Dongjak-Gu, 1,2F, Seoul, 서울특별시","X :x좌표없음, Y :y좌표없음"
다이소,2.0,사당,서울특별시 동작구 남부순환로 2057,"X :126.977336, Y :37.4768789"
이디야,2.0,사당,서울특별시 관악구 남현동 과천대로 951,"X :126.981271, Y :37.4754561"
올리브영,2.0,사당,서울특별시 동작구 사당동 동작대로 지하 3,"X :126.981609, Y :37.4768977"
스타벅스,2.0,낙성대,서울특별시 관악구 봉천동 남부순환로 1948,"X :126.965036, Y :37.4762000"
다이소,2.0,낙성대,서울특별시 관악구 봉천동 1656-10,"X :126.966280, Y :37.4756868"
이디야,2.0,낙성대,서울특별시 관악구 봉천동 1663-5,"X :126.957731, Y :37.4789907"
올리브영,2.0,낙성대,서울특별시 관악구 남부순환로 1908,"X :126.961191, Y :37.4776674"
스타벅스,2.0,서울대입구,서울특별시 관악구 청룡동 남부순환로 1812,"X :126.951308, Y :37.4811145"
다이소,2.0,서울대입구,서울특별시 관악구 봉천동 남부순환로 1840,"X :126.954282, Y :37.4803409"
이디야,2.0,서울대입구,서울특별시 관악구 중앙동,"X :우편번호없음, Y :x좌표없음"
올리브영,2.0,서울대입구,서울특별시 관악구 남부순환로 1840,"X :126.954282, Y :37.4803409"
스타벅스,2.0,봉천,서울특별시 관악구 봉천동 927-5 청운빌딩,"X :126.942229, Y :37.4820473"
다이소,2.0,봉천,서울특별시 관악구 봉천동 남부순환로 1731,"X :126.942443, Y :37.4825610"
이디야,2.0,봉천,서울특별시 관악구 봉천동,"X :우편번호없음, Y :x좌표없음"
올리브영,2.0,봉천,서울특별시 관악구 남부순환로 1735,"X :126.943031, Y :37.4825073"
스타벅스,2.0,신림,서울특별시 관악구 신림동 남부순환로 1619,"X :126.930468, Y :37.4847169"
다이소,2.0,신림,서울특별시 관악구 신림동 신림로 354,"X :126.929720, Y :37.4859328"
이디야,2.0,신림,서울특별시 관악구 신림동 1641-9,"X :126.929972, Y :37.4831758"
올리브영,2.0,신림,서울 관악구 서원[신림본동]동 1640-5,"X :우편번호없음, Y :x좌표없음"
스타벅스,2.0,신대방,서울특별시 동작구 상도동 상도로 102,"X :126.932025, Y :37.4998546"
다이소,2.0,신대방,서울특별시 관악구 남부순환로 1474,"X :126.914190, Y :37.4814083"
이디야,2.0,신대방,서울특별시 관악구 신사동,"X :우편번호없음, Y :x좌표없음"
올리브영,2.0,신대방,서울특별시 동작구 신대방동 395-69,"X :126.924073, Y :37.4912541"
스타벅스,2.0,구디단,서울특별시 구로구 구로동 디지털로32길 30,"X :126.896482, Y :37.4834572"
다이소,2.0,구디단,서울특별시 관악구 신림동 시흥대로 557 지하 1층,"X :우편번호없음, Y :x좌표없음"
이디야,2.0,구디단,서울특별시 구로구 디지털로30길 31,"X :126.896019, Y :37.4828711"
올리브영,2.0,구디단,서울특별시 구로구 구로3동 187-10,"X :126.898786, Y :37.4851351"
스타벅스,2.0,대림,구로구 구로동 191-7,"X :126.895495, Y :37.4856908"
다이소,2.0,대림,서울특별시 영등포구 대림동 도림로 157,"X :126.898977, Y :37.4945687"
이디야,2.0,대림,서울특별시 영등포구 도림로31길 2,"X :126.895836, Y :37.4924937"
올리브영,2.0,대림,서울특별시 관악구 신림동 1643-5,"X :126.902722, Y :37.4840482"
스타벅스,2.0,용답,서울특별시 동대문구 천호대로 263,"X :127.051108, Y :37.5684933"
다이소,2.0,용답,서울특별시 성동구 천호대로 308,"X :127.054219, Y :37.5652124"
이디야,2.0,용답,서울특별시 성동구 용답동,"X :우편번호없음, Y :x좌표없음"
올리브영,2.0,용답,서울특별시 동대문구 고미술로 81 1층 103호,"X :127.055736, Y :37.5655811"
스타벅스,2.0,신답,서울특별시 동대문구 천호대로 263,"X :127.051108, Y :37.5684933"
다이소,2.0,신답,서울특별시 성동구 천호대로 308,"X :127.054219, Y :37.5652124"
이디야,2.0,신답,서울특별시 동대문구 천호대로 265,"X :127.051357, Y :37.5683130"
올리브영,2.0,신답,서울특별시 동대문구 고미술로 81 1층 103호,"X :127.055736, Y :37.5655811"
스타벅스,2.0,용두,서울특별시 동대문구 왕산로 19,"X :127.025518, Y :37.5766913"
다이소,2.0,용두,서울특별시 동대문구 용신동 47-9,"X :127.032434, Y :37.5755454"
이디야,2.0,용두,서울특별시 동대문구 용두동 40-1,"X :127.037914, Y :37.5766431"
올리브영,2.0,용두,서울특별시 동대문구 고미술로 81 1층 103호,"X :127.055736, Y :37.5655811"
스타벅스,2.0,신설동,서울특별시 동대문구 왕산로 19,"X :127.025518, Y :37.5766913"
다이소,2.0,신설동,서울특별시 종로구 창신동 율곡로 309,"X :127.009952, Y :37.5702694"
이디야,2.0,신설동,서울특별시 종로구 숭인동,"X :우편번호없음, Y :x좌표없음"
올리브영,2.0,신설동,서울특별시 동대문구 신설동,"X :우편번호없음, Y :x좌표없음"
스타벅스,4.0,진접,경기도 남양주시 진접읍 장현리 230-6,"X :127.190227, Y :37.7228433"
다이소,4.0,진접,경기도 남양주시 진접읍 연평리 59-3,"X :127.185514, Y :37.7115346"
이디야,4.0,진접,경기도 남양주시 진접읍 경복대로 233,"X :127.202468, Y :37.7195435"
올리브영,4.0,진접,경기도 남양주시 진접읍 장현리 634-4,"X :127.180868, Y :37.7176053"
스타벅스,4.0,오남,경기도 남양주시 진접읍 연평리 59-3 KR,"X :127.185514, Y :37.7115346"
다이소,4.0,오남,경기도 남양주시 오남읍 오남리 328,"X :127.210559, Y :37.6846259"
이디야,4.0,오남,경기도 남양주시 오남읍 양지리 94-1,"X :127.204981, Y :37.6971232"
올리브영,4.0,오남,경기도 남양주시 진접읍 장현리 634-4,"X :127.180868, Y :37.7176053"
스타벅스,4.0,별내별가람,경기도 남양주시 별내동 824,"X :127.117197, Y :37.6679154"
다이소,4.0,별내별가람,경기도 남양주시 별내동 826-10,"X :127.117885, Y :37.6658425"
이디야,4.0,별내별가람,"827-2, 별내동 남양주시 경기도","X :우편번호없음, Y :x좌표없음"
올리브영,4.0,별내별가람,경기도 남양주시 별내중앙로 84,"X :127.122844, Y :37.6489982"
스타벅스,4.0,당고개,서울특별시 노원구 노원로 569,"X :127.057097, Y :37.6606973"
다이소,4.0,당고개,서울특별시 노원구 상계3.4동 72-8,"X :127.081473, Y :37.6701705"
이디야,4.0,당고개,서울특별시 노원구 상계동 111-491,"X :127.080352, Y :37.6708109"
올리브영,4.0,당고개,서울특별시 노원구 상계2동 상계로 65,"X :127.062193, Y :37.6563881"
스타벅스,4.0,상계,서울특별시 노원구 동일로 1413,"X :127.059993, Y :37.6547494"
다이소,4.0,상계,서울특별시 노원구 중계동 141-32,"X :127.073847, Y :37.6607692"
이디야,4.0,상계,서울특별시 노원구 중계4동 덕릉로 698,"X :127.075637, Y :37.6598221"
올리브영,4.0,상계,서울특별시 노원구 상계동 763-4,"X :127.062254, Y :37.6479819"
스타벅스,4.0,노원,서울특별시 노원구 동일로 1413,"X :127.059993, Y :37.6547494"
다이소,4.0,노원,서울특별시 노원구 동일로 1392,"X :127.061352, Y :37.6530459"
이디야,4.0,노원,"617, 상계2동 노원구 서울특별시","X :우편번호없음, Y :x좌표없음"
올리브영,4.0,노원,서울특별시 노원구 노해로 480 조광 빌딩 1 층,"X :127.061421, Y :37.6541450"
스타벅스,4.0,창동,서울특별시 도봉구 창동 135-26 EMART,"X :127.046676, Y :37.6516199"
다이소,4.0,창동,서울특별시 도봉구 창동 덕릉로63가길 68,"X :127.036847, Y :37.6427936"
이디야,4.0,창동,서울특별시 도봉구 창동 마들로11길 65,"X :127.049691, Y :37.6533666"
올리브영,4.0,창동,서울특별시 도봉구 창동 74-14,"X :127.046801, Y :37.6521784"
스타벅스,4.0,쌍문,도봉구 창동 659-5,"X :127.034867, Y :37.6483352"
다이소,4.0,쌍문,서울특별시 도봉구 도봉로 491,"X :127.034833, Y :37.6495426"
이디야,4.0,쌍문,서울특별시 도봉구 쌍문동 88-20,"X :127.034686, Y :37.6494255"
올리브영,4.0,쌍문,서울특별시 도봉구 창동 659-5,"X :127.034867, Y :37.6483352"
스타벅스,4.0,수유,서울특별시 강북구 도봉로 342 1층,"X :127.026399, Y :37.6380301"
다이소,4.0,수유,서울특별시 강북구 번동 446-14,"X :127.025674, Y :37.6376699"
이디야,4.0,수유,서울특별시 강북구 수유동 도봉로 355,"X :127.026728, Y :37.6393725"
올리브영,4.0,수유,서울특별시 강북구 번동 446-14,"X :127.025674, Y :37.6376699"
스타벅스,4.0,미아,서울특별시 강북구 도봉로 196,"X :127.026599, Y :37.6261282"
다이소,4.0,미아,서울특별시 강북구 미아동 월계로 3,"X :127.030614, Y :37.6095582"
이디야,4.0,미아,서울특별시 강북구 도봉로10길 28,"X :127.031000, Y :37.6138377"
올리브영,4.0,미아,서울특별시 강북구 미아동 도봉로 188,"X :127.027074, Y :37.6256235"
스타벅스,4.0,미아사거리,서울특별시 강북구 도봉로 32,"X :127.030750, Y :37.6118286"
다이소,4.0,미아사거리,서울특별시 강북구 미아동 월계로 3,"X :127.030614, Y :37.6095582"
이디야,4.0,미아사거리,서울특별시 강북구 도봉로10길 28,"X :127.031000, Y :37.6138377"
올리브영,4.0,미아사거리,서울특별시 강북구 미아동 도봉로 188,"X :127.027074, Y :37.6256235"
스타벅스,4.0,길음,서울특별시 성북구 돈암동 625-2 BR빌딩,"X :127.025300, Y :37.6020001"
다이소,4.0,길음,서울특별시 성북구 길음동 길음로9길 50,"X :127.020351, Y :37.6030371"
이디야,4.0,길음,서울특별시 성북구 길음동 1282,"X :127.021010, Y :37.6092718"
올리브영,4.0,길음,서울특별시 성북구 길음동 길음로 33 뉴타운상가 A동 1층 3호,"X :127.017963, Y :37.6074343"
스타벅스,4.0,성신여대입구,성북구 동선동1가 92-1,"X :127.018390, Y :37.5931356"
다이소,4.0,성신여대입구,서울특별시 성북구 동선동1가 동소문로나길 2,"X :우편번호없음, Y :x좌표없음"
이디야,4.0,성신여대입구,서울특별시 성북구 동소문동6가 147,"X :127.015955, Y :37.5937125"
올리브영,4.0,성신여대입구,서울특별시 성북구 동소문로22길 39,"X :127.018412, Y :37.5913967"
스타벅스,4.0,한성대입구,서울특별시 성북구 성북동1가 35-1,"X :127.004904, Y :37.5890373"
다이소,4.0,한성대입구,서울특별시 성북구 동소문로 14,"X :127.007791, Y :37.5888119"
이디야,4.0,한성대입구,서울특별시 성북구 동소문동1가 90,"X :127.008086, Y :37.5895147"
올리브영,4.0,한성대입구,서울특별시 성북구 동소문동2가,"X :우편번호없음, Y :x좌표없음"
스타벅스,4.0,혜화,서울특별시 종로구 대학로12길 4,"X :127.002164, Y :37.5824962"
다이소,4.0,혜화,서울특별시 종로구 창경궁로 239,"X :126.998643, Y :37.5832349"
이디야,4.0,혜화,서울특별시 종로구 명륜2가 32,"X :127.000624, Y :37.5835773"
올리브영,4.0,혜화,서울특별시 종로구 혜화동 185,"X :127.002039, Y :37.5839648"
스타벅스,4.0,동대문,서울특별시 중구 장충단로 229,"X :127.007189, Y :37.5652060"
다이소,4.0,동대문,서울특별시 종로구 창신동 율곡로 309,"X :127.009952, Y :37.5702694"
이디야,4.0,동대문,서울특별시 종로구 율곡로 286,"X :127.008095, Y :37.5718102"
올리브영,4.0,동대문,서울특별시 중구 장충단로 251,"X :127.008027, Y :37.5671611"
스타벅스,4.0,동역사,서울특별시 중구 장충단로 229,"X :127.007189, Y :37.5652060"
다이소,4.0,동역사,서울특별시 종로구 창신동 율곡로 309,"X :127.009952, Y :37.5702694"
이디야,4.0,동역사,광희동1가 189-2번지 1층 중구 서울특별시 KR,"X :127.006487, Y :37.5646114"
올리브영,4.0,동역사,서울특별시 중구 장충단로 251,"X :127.008027, Y :37.5671611"
스타벅스,4.0,충무로,서울특별시 중구 필동 퇴계로 197,"X :126.993913, Y :37.5614128"
다이소,4.0,충무로,서울특별시 중구 명동길 43,"X :126.984722, Y :37.5639887"
이디야,4.0,충무로,서울특별시 중구 필동 퇴계로 188,"X :126.992532, Y :37.5608090"
올리브영,4.0,충무로,서울특별시 중구 필동2가 37-10,"X :126.996391, Y :37.5615210"
스타벅스,4.0,명동,서울특별시 중구 퇴계로 101,"X :126.983081, Y :37.5608440"
다이소,4.0,명동,서울특별시 중구 명동길 43,"X :126.984722, Y :37.5639887"
이디야,4.0,명동,서울특별시 중구 퇴계로 103,"X :126.983194, Y :37.5608530"
올리브영,4.0,명동,서울특별시 중구 퇴계로 127,"X :126.985832, Y :37.5611327"
스타벅스,4.0,회현,서울특별시 중구 회현동1가 퇴계로 72,"X :126.980829, Y :37.5591677"
다이소,4.0,회현,서울특별시 중구 회현동1가 199-6,"X :126.979414, Y :37.5607082"
이디야,4.0,회현,서울특별시 중구 퇴계로 72,"X :126.980829, Y :37.5591677"
올리브영,4.0,회현,서울특별시 중구 남대문로5가 541,"X :126.973735, Y :37.5554902"
스타벅스,4.0,서울역,서울특별시 용산구 동자동 43-205 서울역(철도역,"X :126.971709, Y :37.5548230"
다이소,4.0,서울역,서울특별시 용산구 한강대로 405,"X :126.971042, Y :37.5523812"
이디야,4.0,서울역,서울특별시 용산구 동자동 후암로 93,"X :126.975105, Y :37.5533282"
올리브영,4.0,서울역,서울특별시 용산구 한강대로 405,"X :126.971042, Y :37.5523812"
스타벅스,4.0,숙대입구,서울특별시 용산구 갈월동 69-5,"X :126.971917, Y :37.5442184"
다이소,4.0,숙대입구,서울특별시 용산구 갈월동 한강대로77길 12 국제전산빌딩,"X :126.971850, Y :37.5422001"
이디야,4.0,숙대입구,"번지 2 층, 87 갈월동 용산구 서울특별시","X :x좌표없음, Y :y좌표없음"
올리브영,4.0,숙대입구,서울특별시 용산구 남영동 한강대로 285,"X :126.971883, Y :37.5436868"
스타벅스,4.0,삼각지,한강로2가 420번지 용산푸르지오써밋 지상1 2층 상가동 111 213 214 215호 용산구 서울특별시 KR,"X :126.964876, Y :37.5270254"
다이소,4.0,삼각지,서울특별시 용산구 한강로동 한강대로21나길 7,"X :126.963935, Y :37.5295840"
이디야,4.0,삼각지,서울특별시 용산구 한강로1가 한강대로 205,"X :126.973289, Y :37.5364251"
올리브영,4.0,삼각지,서울특별시 용산구 한강로3가 40-999,"X :126.963212, Y :37.5278989"
스타벅스,4.0,신용산,서울특별시 용산구 한강로동 한강대로 95 103호,"X :126.966628, Y :37.5288009"
다이소,4.0,신용산,서울특별시 용산구 한강로동 한강대로21나길 7,"X :126.963935, Y :37.5295840"
이디야,4.0,신용산,서울특별시 용산구 한강대로 52-1,"X :126.964662, Y :37.5253946"
올리브영,4.0,신용산,서울특별시 용산구 한강로2가 한강대로 95 래미안용산더센트럴 1층 101호,"X :126.966628, Y :37.5288009"
스타벅스,4.0,이촌,서울특별시 용산구 이촌로 276,"X :126.977266, Y :37.5185953"
다이소,4.0,이촌,서울특별시 용산구 한강로동 한강대로21나길 7,"X :126.963935, Y :37.5295840"
이디야,4.0,이촌,이촌동 301-53번지 2층 301동 26호 용산구 서울특별시 KR,"X :126.974698, Y :37.5204958"
올리브영,4.0,이촌,서울특별시 용산구 이촌1동 이촌로75길 16,"X :126.974404, Y :37.5205678"
스타벅스,4.0,동작,서울특별시 서초구 방배동 755-14,"X :126.985709, Y :37.4972610"
다이소,4.0,동작,서울특별시 동작구 사당로17가길 16 지하 1층,"X :126.973026, Y :37.4840139"
이디야,4.0,동작,"2 층, 135-6 사당동 동작구 서울특별시","X :x좌표없음, Y :y좌표없음"
올리브영,4.0,동작,서울특별시 동작구 사당동 동작대로 지하 3,"X :126.981609, Y :37.4768977"
스타벅스,4.0,총신대입구,서울특별시 서초구 동작대로 112,"X :126.982602, Y :37.4864666"
다이소,4.0,총신대입구,서울특별시 동작구 사당동 134-3,"X :126.981855, Y :37.4877459"
이디야,4.0,총신대입구,"2 층, 135-6 사당동 동작구 서울특별시","X :x좌표없음, Y :y좌표없음"
올리브영,4.0,총신대입구,서울특별시 동작구 사당동 동작대로 지하 3,"X :126.981609, Y :37.4768977"
스타벅스,4.0,사당,"1031-27 Sadang-Dong Dongjak-Gu, 1,2F, Seoul, 서울특별시","X :x좌표없음, Y :y좌표없음"
다이소,4.0,사당,서울특별시 동작구 남부순환로 2057,"X :126.977336, Y :37.4768789"
이디야,4.0,사당,서울특별시 관악구 남현동 과천대로 951,"X :126.981271, Y :37.4754561"
올리브영,4.0,사당,서울특별시 동작구 사당동 동작대로 지하 3,"X :126.981609, Y :37.4768977"
스타벅스,4.0,남태령,서울특별시 관악구 남부순환로 2082-25,"X :126.980977, Y :37.4760417"
다이소,4.0,남태령,경기도 과천시 중앙동 중앙로 129 지하 1층,"X :126.990909, Y :37.4283076"
이디야,4.0,남태령,서울특별시 관악구 남현동 과천대로 909,"X :126.982391, Y :37.4714648"
올리브영,4.0,남태령,서울특별시 관악구 남현동 과천대로 941,"X :126.981316, Y :37.4746542"
스타벅스,4.0,선바위,경기도 과천시 중앙로 277,"X :126.993789, Y :37.4393001"
다이소,4.0,선바위,경기도 과천시 중앙동 중앙로 129 지하 1층,"X :126.990909, Y :37.4283076"
이디야,4.0,선바위,경기도 과천시 부림동,"X :우편번호없음, Y :x좌표없음"
올리브영,4.0,선바위,경기도 과천시 별양동 1-10,"X :126.992525, Y :37.4282627"
스타벅스,4.0,경마공원,경기도 과천시 중앙로 277,"X :126.993789, Y :37.4393001"
다이소,4.0,경마공원,경기도 과천시 중앙동 중앙로 129 지하 1층,"X :126.990909, Y :37.4283076"
이디야,4.0,경마공원,경기도 과천시 부림동,"X :우편번호없음, Y :x좌표없음"
올리브영,4.0,경마공원,경기도 과천시 별양동 1-10,"X :126.992525, Y :37.4282627"
스타벅스,4.0,대공원,경기도 과천시 중앙로 277,"X :126.993789, Y :37.4393001"
다이소,4.0,대공원,경기도 과천시 중앙동 중앙로 129 지하 1층,"X :126.990909, Y :37.4283076"
이디야,4.0,대공원,경기도 과천시 부림동,"X :우편번호없음, Y :x좌표없음"
올리브영,4.0,대공원,경기도 과천시 별양동 1-10,"X :126.992525, Y :37.4282627"
스타벅스,4.0,과천,경기도 과천시 중앙동 중앙로 129,"X :126.990909, Y :37.4283076"
다이소,4.0,과천,경기도 과천시 중앙동 중앙로 129 지하 1층,"X :126.990909, Y :37.4283076"
이디야,4.0,과천,경기도 과천시 부림동,"X :우편번호없음, Y :x좌표없음"
올리브영,4.0,과천,경기도 과천시 중앙동 중앙로 129 지하 1층,"X :126.990909, Y :37.4283076"
스타벅스,4.0,정부과천청사,경기도 과천시 별양동 1-19,"X :126.991847, Y :37.4262804"
다이소,4.0,정부과천청사,경기도 과천시 원문동 별양로 12,"X :126.992074, Y :37.4203607"
이디야,4.0,정부과천청사,별양동 1-15번지 109호 112호 과천시 경기도 KR,"X :126.992028, Y :37.4277400"
올리브영,4.0,정부과천청사,경기도 과천시 별양동 1-10,"X :126.992525, Y :37.4282627"
스타벅스,4.0,인덕원,경기도 안양시 동안구 흥안대로 519,"X :126.976129, Y :37.4003199"
다이소,4.0,인덕원,경기도 안양시 동안구 관양동 1505-27,"X :126.977372, Y :37.4004913"
이디야,4.0,인덕원,동안구 관양동 1503번지 안양시 경기도 KR,"X :126.976355, Y :37.3999685"
올리브영,4.0,인덕원,경기도 안양시 동안구 관양1동,"X :우편번호없음, Y :x좌표없음"
스타벅스,4.0,평촌,경기도 안양시 동안구 관양동 시민대로 311,"X :126.964928, Y :37.3961452"
다이소,4.0,평촌,경기도 안양시 동안구 관양동 1505-27,"X :126.977372, Y :37.4004913"
이디야,4.0,평촌,경기도 안양시 동안구 부림동 1604-4,"X :126.963246, Y :37.3938471"
올리브영,4.0,평촌,경기도 안양시 동안구 관양동 1746-2,"X :126.965357, Y :37.3962445"
스타벅스,4.0,범계,경기도 안양시 동안구 시민대로 180 G스퀘어 1층,"X :126.950860, Y :37.3904096"
다이소,4.0,범계,경기도 안양시 만안구 안양4동 676-116,"X :126.921967, Y :37.3975478"
이디야,4.0,범계,경기도 안양시 동안구 호계동 1042,"X :126.953434, Y :37.3914648"
올리브영,4.0,범계,경기도 안양시 동안구 평촌대로223번길 41,"X :126.953503, Y :37.3904738"
스타벅스,4.0,금정,"경기도 군포시 금정동 엘에스로 143 힐스테이트 금정역), AK플라자 4층","X :126.944821, Y :37.3722964"
다이소,4.0,금정,경기도 군포시 산본1동 266-1,"X :126.942733, Y :37.3719710"
이디야,4.0,금정,경기도 군포시 산본동 산본천로 216,"X :126.941413, Y :37.3711144"
올리브영,4.0,금정,경기도 군포시 산본1동 266-7,"X :126.943050, Y :37.3712323"
스타벅스,4.0,산본,경기도 군포시 번영로 497,"X :126.932269, Y :37.3582878"
다이소,4.0,산본,경기도 군포시 번영로 485,"X :126.930632, Y :37.3578454"
이디야,4.0,산본,경기도 군포시 산본동 번영로 504,"X :126.932461, Y :37.3577203"
올리브영,4.0,산본,경기도 군포시 산본동 산본로323번길 20-17,"X :126.931184, Y :37.3592603"
스타벅스,4.0,수리산,경기도 군포시 번영로 497,"X :126.932269, Y :37.3582878"
다이소,4.0,수리산,경기도 군포시 군포로 486,"X :126.944624, Y :37.3496626"
이디야,4.0,수리산,경기도 군포시 산본동 번영로 504,"X :126.932461, Y :37.3577203"
올리브영,4.0,수리산,경기도 군포시 산본동 산본로323번길 20-17,"X :126.931184, Y :37.3592603"
스타벅스,4.0,대야미,경기도 군포시 번영로 497,"X :126.932269, Y :37.3582878"
다이소,4.0,대야미,경기도 군포시 군포로 486,"X :126.944624, Y :37.3496626"
이디야,4.0,대야미,경기도 군포시 대야동 660-3,"X :126.917675, Y :37.3266434"
올리브영,4.0,대야미,경기도 군포시 산본동 산본로323번길 20-17,"X :126.931184, Y :37.3592603"
스타벅스,4.0,반월,경기도 안산시 상록구 광덕1로 379,"X :126.851244, Y :37.3086203"
다이소,4.0,반월,경기도 안산시 상록구 월피동 445-5,"X :126.844681, Y :37.3291642"
이디야,4.0,반월,경기도 안산시 상록구 건건동 644-7,"X :126.902956, Y :37.3056562"
올리브영,4.0,반월,경기도 안산시 상록구 월피동 445-25,"X :126.847582, Y :37.3286004"
스타벅스,4.0,상록수,경기도 안산시 상록구 광덕1로 379,"X :126.851244, Y :37.3086203"
다이소,4.0,상록수,경기도 안산시 상록구 본오동 용신로 388,"X :126.865097, Y :37.3013838"
이디야,4.0,상록수,경기도 안산시 상록구 본오동 874-3,"X :126.864758, Y :37.3022123"
올리브영,4.0,상록수,경기도 안산시 상록구 이동 716-2,"X :126.852385, Y :37.3077928"
스타벅스,4.0,한대앞,경기도 안산시 상록구 광덕1로 379,"X :126.851244, Y :37.3086203"
다이소,4.0,한대앞,경기도 안산시 상록구 이동 720,"X :126.848845, Y :37.3064728"
이디야,4.0,한대앞,경기도 안산시 상록구 중보로 49,"X :126.852114, Y :37.3076663"
올리브영,4.0,한대앞,경기도 안산시 상록구 이동 716-2,"X :126.852385, Y :37.3077928"
스타벅스,4.0,중앙,경기도 안산시 단원구 고잔동 541,"X :126.837700, Y :37.3170900"
다이소,4.0,중앙,경기도 안산시 단원구 고잔2동,"X :우편번호없음, Y :x좌표없음"
이디야,4.0,중앙,경기도 안산시 단원구 고잔동 중앙대로 907,"X :126.837463, Y :37.3172159"
올리브영,4.0,중앙,경기도 안산시 단원구 고잔동 540-14,"X :126.838568, Y :37.3176679"
스타벅스,4.0,고잔,경기도 안산시 단원구 고잔동 적금로 120,"X :126.826381, Y :37.3187588"
다이소,4.0,고잔,경기도 안산시 단원구 고잔동 533-2,"X :126.834211, Y :37.3187070"
이디야,4.0,고잔,경기도 안산시 단원구 다리간로 18,"X :126.823785, Y :37.3147543"
올리브영,4.0,고잔,경기도 안산시 단원구 고잔동 726-6,"X :126.831584, Y :37.3126754"
스타벅스,4.0,초지,경기도 안산시 단원구 단원구 초지동 742-4,"X :126.812905, Y :37.3030962"
다이소,4.0,초지,경기도 안산시 단원구 선부동 선부광장1로 70,"X :126.811920, Y :37.3359191"
이디야,4.0,초지,경기도 안산시 단원구 화랑로 160,"X :126.806584, Y :37.3222779"
올리브영,4.0,초지,경기도 안산시 단원구 원곡동 835 상가2동 e편한세상 초지역센트럴포레,"X :126.797639, Y :37.3259210"
스타벅스,4.0,안산,경기도 안산시 단원구 단원구 고잔동 539-1,"X :126.837607, Y :37.3187208"
다이소,4.0,안산,단원구 원곡동 798-7번지 1층 안산시 경기도 KR,"X :126.790582, Y :37.3278909"
이디야,4.0,안산,경기도 안산시 단원구 신길로 9-4,"X :126.786374, Y :37.3314874"
올리브영,4.0,안산,경기도 안산시 단원구 원곡동 835 상가2동 e편한세상 초지역센트럴포레,"X :126.797639, Y :37.3259210"
스타벅스,4.0,신길온천,경기도 안산시 단원구 단원구 신길동 1687,"X :126.784987, Y :37.3311605"
다이소,4.0,신길온천,단원구 원곡동 798-7번지 1층 안산시 경기도 KR,"X :126.790582, Y :37.3278909"
이디야,4.0,신길온천,"1633, 신길동 단원구 안산시 경기도","X :x좌표없음, Y :y좌표없음"
올리브영,4.0,신길온천,KR 서울 영등포구 신길동 103-9,"X :x좌표없음, Y :y좌표없음"
스타벅스,4.0,정왕,경기도 시흥시 정왕동 1738-6,"X :126.737323, Y :37.3446512"
다이소,4.0,정왕,경기도 시흥시 정왕동 2301-5,"X :126.740964, Y :37.3525972"
이디야,4.0,정왕,경기도 시흥시 정왕동 2326-1,"X :126.742899, Y :37.3511779"
올리브영,4.0,정왕,경기도 시흥시 정왕1동 중심상가3길 15-1,"X :126.736658, Y :37.3445506"
스타벅스,4.0,오이도,경기도 시흥시 정왕동 서울대학로278번길 43-13,"X :126.730170, Y :37.3692058"
다이소,4.0,오이도,경기도 시흥시 정왕동 2301-5,"X :126.740964, Y :37.3525972"
이디야,4.0,오이도,경기도 시흥시 정왕동 1978,"X :126.728254, Y :37.3496943"
올리브영,4.0,오이도,경기도 시흥시 정왕1동 중심상가3길 15-1,"X :126.736658, Y :37.3445506"
스타벅스,6.0,역촌,은평구 응암동 96-1,"X :126.926643, Y :37.6010689"
다이소,6.0,역촌,서울특별시 은평구 갈현동 468-2,"X :126.915997, Y :37.6122609"
이디야,6.0,역촌,서울특별시 은평구 역촌동 43-2,"X :126.918615, Y :37.6007482"
올리브영,6.0,역촌,서울특별시 은평구 서오릉로 137,"X :126.917641, Y :37.6107935"
스타벅스,6.0,불광,서울특별시 은평구 대조동 15-9,"X :126.930282, Y :37.6093962"
다이소,6.0,불광,서울특별시 은평구 대조동 통일로67길 3 상일빌딩,"X :126.928898, Y :37.6108279"
이디야,6.0,불광,서울특별시 은평구 불광1동 불광로 59,"X :126.931694, Y :37.6123343"
올리브영,6.0,불광,서울특별시 은평구 불광동 통일로 736,"X :126.929600, Y :37.6112428"
스타벅스,6.0,독바위,서울특별시 은평구 진관동 진관2로 12,"X :126.920357, Y :37.6333289"
다이소,6.0,독바위,서울특별시 은평구 불광동 연서로 253,"X :126.922637, Y :37.6199959"
이디야,6.0,독바위,서울특별시 은평구 불광동 13-22,"X :126.933286, Y :37.6181375"
올리브영,6.0,독바위,서울특별시 은평구 갈현동 396-4,"X :126.920361, Y :37.6195709"
이디야,1.0,인천역,인천광역시 중구 58-1,"X :우편번호없음, Y :x좌표없음"
다이소,1.0,인천역,인천광역시 중구 인현동 19-7,"X :126.630190, Y :37.4750550"
올리브영,1.0,인천역,"인천광역시 부평구 광장로 16 인천 부평구 광장로 16 민자역사 지하2층 35,37 38호","X :126.722668, Y :37.4896712"
스타벅스,1.0,인천역,인천광역시 남구 용현동 630-9,"X :126.632473, Y :37.4523749"
이디야,1.0,동인천역,인천광역시 중구 58-1,"X :우편번호없음, Y :x좌표없음"
다이소,1.0,동인천역,인천광역시 중구 인현동 19-7,"X :126.630190, Y :37.4750550"
올리브영,1.0,동인천역,인천광역시 남구 숙골로 87번길 5 2단지 142~45호 더샵인천스카이타워,"X :우편번호없음, Y :x좌표없음"
스타벅스,1.0,동인천역,인천광역시 남구 용현동 630-9,"X :126.632473, Y :37.4523749"
이디야,1.0,도원역,인천광역시 중구 58-1,"X :우편번호없음, Y :x좌표없음"
다이소,1.0,도원역,인천광역시 남구 도화동 706-3,"X :126.668614, Y :37.4730791"
올리브영,1.0,도원역,용현동 190-35번지 1층 남구 인천광역시 KR,"X :126.657319, Y :37.4512155"
스타벅스,1.0,도원역,인천광역시 남구 숭의동 78-2,"X :126.654095, Y :37.4664510"
이디야,1.0,제물포역,인천광역시 남구 숭의4동 59-9,"X :126.656799, Y :37.4659814"
다이소,1.0,제물포역,인천광역시 남구 숭의4동 51-21,"X :126.656466, Y :37.4646289"
올리브영,1.0,제물포역,인천광역시 남구 숙골로 87번길 5 2단지 142~45호 더샵인천스카이타워,"X :우편번호없음, Y :x좌표없음"
스타벅스,1.0,제물포역,인천광역시 남구 숭의동 78-2,"X :126.654095, Y :37.4664510"
이디야,1.0,도화역,인천광역시 남구 도화동 104-8번지 기아자동차 103호,"X :126.665661, Y :37.4685567"
다이소,1.0,도화역,인천광역시 남구 도화동 706-3,"X :126.668614, Y :37.4730791"
올리브영,1.0,도화역,주안동 30-1번지 아이존쇼핑몰 A동 B1층 남구 인천광역시 KR,"X :126.680448, Y :37.4655254"
스타벅스,1.0,도화역,"141-1, Juan-Dong Nam-Gu, 1,2F, Incheon, 인천광역시","X :x좌표없음, Y :y좌표없음"
이디야,1.0,주안역,인천광역시 남구 주안1동,"X :우편번호없음, Y :x좌표없음"
다이소,1.0,주안역,인천광역시 남구 주안5동 125,"X :126.680586, Y :37.4649672"
올리브영,1.0,주안역,주안동 30-1번지 아이존쇼핑몰 A동 B1층 남구 인천광역시 KR,"X :126.680448, Y :37.4655254"
스타벅스,1.0,주안역,"141-1, Juan-Dong Nam-Gu, 1,2F, Incheon, 인천광역시","X :x좌표없음, Y :y좌표없음"
이디야,1.0,간석역,인천광역시 남구 주안6동 46-1,"X :126.694336, Y :37.4638504"
다이소,1.0,간석역,인천광역시 남동구 간석4동 762-25,"X :126.693959, Y :37.4648315"
올리브영,1.0,간석역,주안동 30-1번지 아이존쇼핑몰 A동 B1층 남구 인천광역시 KR,"X :126.680448, Y :37.4655254"
스타벅스,1.0,간석역,인천광역시 남동구 617-6,"X :우편번호없음, Y :x좌표없음"
이디야,1.0,동암역,인천광역시 부평구 십정동 406-3,"X :126.700388, Y :37.4711731"
다이소,1.0,동암역,인천광역시 남구 숭의4동 51-21,"X :126.656466, Y :37.4646289"
올리브영,1.0,동암역,인천광역시 부평구 십정2동 408-14,"X :126.701916, Y :37.4708166"
스타벅스,1.0,동암역,인천광역시 부평구 십정2동 402-56,"X :126.702308, Y :37.4715564"
이디야,1.0,백운역,인천광역시 부평구 십정동 186-114,"X :126.707391, Y :37.4842462"
다이소,1.0,백운역,인천광역시 부평구 경인로 947,"X :126.724891, Y :37.4878835"
올리브영,1.0,백운역,인천광역시 부평구 경인로 947,"X :126.724891, Y :37.4878835"
스타벅스,1.0,백운역,인천광역시 남동구 간석동 772,"X :126.710168, Y :37.4765766"
이디야,1.0,부평역,인천광역시 부평구 경원대로 1373 1층,"X :126.721327, Y :37.4915061"
다이소,1.0,부평역,인천광역시 부평구 부평동 738,"X :126.723360, Y :37.4891863"
올리브영,1.0,부평역,"인천광역시 부평구 광장로 16 인천 부평구 광장로 16 민자역사 지하2층 35,37 38호","X :126.722668, Y :37.4896712"
스타벅스,1.0,부평역,인천광역시 부평구 부평동 경원대로 1377,"X :126.722119, Y :37.4914629"
이디야,1.0,부개역,인천광역시 부평구 수변로10번길 48 한울팰리스 1층,"X :126.742014, Y :37.4866970"
다이소,1.0,부개역,부개동 12-112번지 2층 부평구 인천광역시 KR,"X :126.734966, Y :37.5037462"
올리브영,1.0,부개역,인천광역시 부평구 경인로 947,"X :126.724891, Y :37.4878835"
스타벅스,1.0,부개역,인천광역시 부평구 부평동 경원대로 1377,"X :126.722119, Y :37.4914629"
이디야,1.0,송내역,경기도 부천시 소사구 송내1동 709-6,"X :126.752768, Y :37.4863056"
다이소,1.0,송내역,경기도 부천시 소사구 송내동 송내대로 43,"X :126.752752, Y :37.4876571"
올리브영,1.0,송내역,경기도 부천시 원미구 상동 상일로94번길 34,"X :126.752484, Y :37.4900442"
스타벅스,1.0,송내역,경기도 부천시 원미구 상동 464,"X :126.752581, Y :37.4883235"
이디야,1.0,중동역,경기도 부천시 소사구 송내동 373,"X :126.764206, Y :37.4843469"
다이소,1.0,중동역,경기도 부천시 길주로 267,"X :126.772490, Y :37.5040051"
올리브영,1.0,중동역,경기도 부천시 원미구 중동 1140-3,"X :126.776060, Y :37.5015702"
스타벅스,1.0,중동역,경기도 부천시 원미구 부흥로 193,"X :126.764269, Y :37.4963304"
이디야,1.0,부천역,경기도 부천시 소사구 심곡본동 736-2,"X :126.782346, Y :37.4828232"
다이소,1.0,부천역,경기도 부천시 부천로 20 지하1층,"X :126.783580, Y :37.4860511"
올리브영,1.0,부천역,경기도 부천시 심곡본동 316-2,"X :126.782636, Y :37.4840221"
스타벅스,1.0,부천역,경기도 부천시 원미구 심곡동 174-1,"X :126.782079, Y :37.4850482"
이디야,1.0,소사역,경기도 부천시 소사로282번길 8,"X :126.795097, Y :37.4835670"
다이소,1.0,소사역,경기도 부천시 소사구 소사본동 395,"X :126.795066, Y :37.4827200"
올리브영,1.0,소사역,경기도 부천시 원미구 부천로9번길 28,"X :126.781354, Y :37.4855514"
스타벅스,1.0,소사역,경기도 부천시 원미구 심곡동 174-1,"X :126.782079, Y :37.4850482"
이디야,1.0,역곡역,경기도 부천시 원미구 역곡동 82-8,"X :126.812186, Y :37.4862535"
다이소,1.0,역곡역,경기도 부천시 원미구 역곡동 80-6,"X :126.811566, Y :37.4854596"
올리브영,1.0,역곡역,역곡동 77-9번지 부천시 경기도 KR,"X :126.810762, Y :37.4858278"
스타벅스,1.0,역곡역,경기도 부천시 경인로 485,"X :126.809287, Y :37.4835098"
이디야,1.0,온수역,서울특별시 구로구 온수동 51-7,"X :126.824021, Y :37.4924527"
다이소,1.0,온수역,경기도 부천시 소사구 역곡3동 113-3,"X :126.811444, Y :37.4845584"
올리브영,1.0,온수역,역곡동 77-9번지 부천시 경기도 KR,"X :126.810762, Y :37.4858278"
스타벅스,1.0,온수역,경기도 부천시 경인로 485,"X :126.809287, Y :37.4835098"
이디야,1.0,오류동역,서울특별시 구로구 오류동 51-31,"X :126.843362, Y :37.4953904"
다이소,1.0,오류동역,서울특별시 구로구 오류동 경인로 209,"X :126.843903, Y :37.4963372"
올리브영,1.0,오류동역,서울특별시 구로구 오류1동 51-9,"X :126.843531, Y :37.4955618"
스타벅스,1.0,오류동역,서울특별시 구로구 경인로 216,"X :126.844853, Y :37.4961312"
이디야,1.0,개봉역,"2 층, 403-50 개봉동 구로구 서울특별시","X :x좌표없음, Y :y좌표없음"
다이소,1.0,개봉역,서울특별시 구로구 개봉1동 경인로40길 41 대덕빌딩 지하,"X :126.859058, Y :37.4951311"
올리브영,1.0,개봉역,서울특별시 양천구 오목로 300 현대하이페리온2,"X :126.869897, Y :37.5243270"
스타벅스,1.0,개봉역,서울특별시 구로구 고척동 72-59,"X :126.863126, Y :37.4970730"
이디야,1.0,구일역,서울특별시 구로구 구로동 642-108,"X :126.871984, Y :37.4950558"
다이소,1.0,구일역,서울특별시 구로구 구로5동 가마산로 263 뉴월드빌딩 지하 1층,"X :126.889442, Y :37.4958936"
올리브영,1.0,구일역,서울특별시 구로구 오류1동 51-9,"X :126.843531, Y :37.4955618"
스타벅스,1.0,구일역,구로구 NC 573 KR 서울특별시 구로구 구로동,"X :우편번호없음, Y :x좌표없음"
이디야,1.0,구로역,서울특별시 구로구 구로동 번지 109호 호 603-9 스타팰리스,"X :우편번호없음, Y :x좌표없음"
다이소,1.0,구로역,서울특별시 구로구 구로5동 가마산로 263 뉴월드빌딩 지하 1층,"X :126.889442, Y :37.4958936"
올리브영,1.0,구로역,서울특별시 구로구 구로3동 187-10,"X :126.898786, Y :37.4851351"
스타벅스,1.0,구로역,구로구 NC 573 KR 서울특별시 구로구 구로동,"X :우편번호없음, Y :x좌표없음"
이디야,1.0,가산디지털단지역,서울특별시 금천구 가산동 470-5,"X :126.881264, Y :37.4829472"
다이소,1.0,가산디지털단지역,서울특별시 금천구 벚꽃로 266,"X :126.885002, Y :37.4784369"
올리브영,1.0,가산디지털단지역,서울특별시 금천구 가산동 372-41,"X :126.883773, Y :37.4766427"
스타벅스,1.0,가산디지털단지역,서울특별시 금천구 50-3,"X :우편번호없음, Y :x좌표없음"
이디야,1.0,독산역,서울특별시 금천구 시흥대로 399,"X :126.897440, Y :37.4693934"
다이소,1.0,독산역,서울특별시 금천구 독산1동 시흥대로 403 셈프레팜,"X :126.897598, Y :37.4697629"
올리브영,1.0,독산역,서울특별시 금천구 시흥동 883-7번지 1층,"X :126.901202, Y :37.4542057"
스타벅스,1.0,독산역,서울특별시 금천구 시흥대로 399,"X :126.897440, Y :37.4693934"
이디야,1.0,금천구청역,서울특별시 금천구 시흥대로 198,"X :126.902188, Y :37.4516026"
다이소,1.0,금천구청역,서울특별시 금천구 시흥1동 883-2,"X :126.901054, Y :37.4545659"
올리브영,1.0,금천구청역,서울특별시 금천구 시흥동 883-7번지 1층,"X :126.901202, Y :37.4542057"
스타벅스,1.0,금천구청역,"서울특별시 금천구 시흥동 1031 엠타워 112,113,114,115호","X :126.895729, Y :37.4559218"
이디야,1.0,광명역,경기도 광명시 일직동 광명역로 21,"X :126.884781, Y :37.4172131"
다이소,1.0,광명역,경기도 광명시 광명로 907,"X :126.854339, Y :37.4799164"
올리브영,1.0,광명역,경기도 광명시 일직동 513,"X :126.880692, Y :37.4171730"
스타벅스,1.0,광명역,"광명역써밋플레이스, 16 양지로, 일직동 광명시 경기도","X :x좌표없음, Y :y좌표없음"
이디야,1.0,석수역,만안구 석수동 425-1번지 1층 105 106호 안양시 경기도 KR,"X :126.902122, Y :37.4331318"
다이소,1.0,석수역,경기도 안양시 만안구 석수동 314-1,"X :126.911358, Y :37.4101994"
올리브영,1.0,석수역,경기도 안양시 만안구 안양동 1189-1번지 지하층 D20호 일번가 지하쇼핑몰,"X :126.926013, Y :37.3944149"
스타벅스,1.0,석수역,경기도 안양시 만안구 만안구 석수동 385-3,"X :126.903481, Y :37.4309976"
이디야,1.0,관악역,만안구 석수동 425-1번지 1층 105 106호 안양시 경기도 KR,"X :126.902122, Y :37.4331318"
다이소,1.0,관악역,경기도 안양시 만안구 석수동 314-1,"X :126.911358, Y :37.4101994"
올리브영,1.0,관악역,서울특별시 관악구 봉천동 관악로 171,"X :126.952190, Y :37.4805292"
스타벅스,1.0,관악역,경기도 안양시 만안구 만안구 석수동 385-3,"X :126.903481, Y :37.4309976"
이디야,1.0,안양역,경기도 안양시 만안구 만안로 207,"X :126.923749, Y :37.3992249"
다이소,1.0,안양역,경기도 안양시 만안구 만안로 207,"X :126.923749, Y :37.3992249"
올리브영,1.0,안양역,경기도 안양시 만안구 안양동 674-105,"X :126.922948, Y :37.3993144"
스타벅스,1.0,안양역,경기도 안양시 만안구 안양동 88-1 2필지 민자역사 1층 001호,"X :126.922946, Y :37.4010894"
이디야,1.0,명학역,경기도 안양시 만안구 태평로60번길 42,"X :126.930687, Y :37.3962919"
다이소,1.0,명학역,경기도 안양시 만안구 안양동 안양로 145,"X :126.930526, Y :37.3871645"
올리브영,1.0,명학역,경기도 안양시 만안구 안양동 674-105,"X :126.922948, Y :37.3993144"
스타벅스,1.0,명학역,"경기도 안양시 만안구 안양동 1410 KR 128,129,130,132,133,134,135,136호","X :126.934300, Y :37.3839591"
이디야,1.0,금정역,경기도 군포시 산본동 산본천로 216,"X :126.941413, Y :37.3711144"
다이소,1.0,금정역,경기도 군포시 군포로 486,"X :126.944624, Y :37.3496626"
올리브영,1.0,금정역,경기도 군포시 산본1동 266-7,"X :126.943050, Y :37.3712323"
스타벅스,1.0,금정역,"경기도 군포시 금정동 엘에스로 143 힐스테이트 금정역), AK플라자 4층","X :126.944821, Y :37.3722964"
이디야,1.0,군포역,경기도 군포시 당동 751-7번지 KR 1층,"X :126.946144, Y :37.3538891"
다이소,1.0,군포역,경기도 군포시 군포로 486,"X :126.944624, Y :37.3496626"
올리브영,1.0,군포역,경기도 군포시 산본1동 266-7,"X :126.943050, Y :37.3712323"
스타벅스,1.0,군포역,경기도 군포시 산본동 111 KR,"X :126.935778, Y :37.3724449"
이디야,1.0,당정역,당정동 1013-1번지 103호 동원빌딩 군포시 경기도 KR,"X :126.948871, Y :37.3440061"
다이소,1.0,당정역,경기도 군포시 군포로 486,"X :126.944624, Y :37.3496626"
올리브영,1.0,당정역,경기도 군포시 당동 921-3,"X :126.943847, Y :37.3466528"
스타벅스,1.0,당정역,경기도 군포시 당정동 1015-5,"X :126.949741, Y :37.3431596"
이디야,1.0,의왕역,경기도 의왕시 삼동 199-1,"X :126.956502, Y :37.3219702"
다이소,1.0,의왕역,경기도 의왕시 삼동 192-60,"X :126.949745, Y :37.3201924"
올리브영,1.0,의왕역,KR 경기 의왕시 삼동 471-24,"X :x좌표없음, Y :y좌표없음"
스타벅스,1.0,의왕역,경기도 의왕시 청계동 829-4 KR,"X :126.998356, Y :37.3883930"
이디야,1.0,성균관대역,경기도 수원시 장안구 율전동 292-7,"X :126.970209, Y :37.2981784"
다이소,1.0,성균관대역,경기도 수원시 장안구 율전동 495-2,"X :126.972249, Y :37.3001702"
올리브영,1.0,성균관대역,경기도 수원시 장안구 율전동 285-8,"X :126.971799, Y :37.2982329"
스타벅스,1.0,성균관대역,경기도 수원시 장안구 서부로 2131,"X :126.971573, Y :37.2989446"
이디야,1.0,화서역,경기도 수원시 팔달구 화서동 174-14,"X :126.998857, Y :37.2790445"
다이소,1.0,화서역,경기도 수원시 팔달구 화서2동 410-1,"X :126.984727, Y :37.2840802"
올리브영,1.0,화서역,경기도 수원시 팔달구 향교로 5 1층,"X :127.001834, Y :37.2677636"
스타벅스,1.0,화서역,경기도 수원시 팔달구 매산로 11,"X :127.002848, Y :37.2674662"
이디야,1.0,수원역,경기도 수원시 팔달구 매산로2가 40-34,"X :127.005092, Y :37.2686285"
다이소,1.0,수원역,경기도 수원시 팔달구 매산로1가 덕영대로 924,"X :126.999872, Y :37.2661507"
올리브영,1.0,수원역,경기도 수원시 팔달구 덕영대로,"X :우편번호없음, Y :x좌표없음"
스타벅스,1.0,수원역,경기도 수원시 팔달구 매산로1가 18 KR AK플라자,"X :127.000086, Y :37.2656642"
이디야,1.0,세류역,경기도 수원시 권선구 세류1동 230-39,"X :127.007887, Y :37.2642944"
다이소,1.0,세류역,경기도 수원시 권선구 세류동 경수대로 291,"X :127.019790, Y :37.2530302"
올리브영,1.0,세류역,경기도 수원시 권선구 권선동 1192-1,"X :127.022753, Y :37.2499752"
스타벅스,1.0,세류역,경기도 수원시 권선구 세류동 325-1 KR,"X :127.011235, Y :37.2627714"
이디야,1.0,병정역,경기도 화성시 진안동 527-16,"X :127.035235, Y :37.2082000"
다이소,1.0,병정역,경기도 화성시 병점동 431-54,"X :127.039413, Y :37.2056848"
올리브영,1.0,병정역,진안동 914-2번지 화성시 경기도 KR,"X :127.042639, Y :37.2147302"
스타벅스,1.0,병정역,경기도 화성시 진안동 873-4,"X :127.038256, Y :37.2126953"
이디야,1.0,신도림역,서울특별시 구로구 신도림 테크노마트 1층,"X :우편번호없음, Y :x좌표없음"
다이소,1.0,신도림역,서울특별시 구로구 신도림동 경인로 662 디큐브시티,"X :126.889592, Y :37.5089852"
올리브영,1.0,신도림역,서울특별시 구로구 신도림동 360-51,"X :126.882160, Y :37.5100141"
스타벅스,1.0,신도림역,서울특별시 구로구 신도림동 413-9,"X :126.883931, Y :37.5054568"
이디야,1.0,영등포역,서울특별시 영등포구 영등포동 423-103,"X :126.906119, Y :37.5159554"
다이소,1.0,영등포역,서울특별시 영등포구 영등포동3가 9-2,"X :126.906195, Y :37.5179647"
올리브영,1.0,영등포역,서울특별시 영등포구 영중로 15,"X :126.903324, Y :37.5170614"
스타벅스,1.0,영등포역,서울특별시 영등포구 영등포동1가 143-3 J&AMP;S,"X :126.909262, Y :37.5169670"
이디야,1.0,신길역,서울특별시 영등포구 신길동 59-2,"X :126.918065, Y :37.5150545"
다이소,1.0,신길역,신길동 110-5번지 지하1층 B동 01호 태화빌딩 영등포구 서울특별시 KR,"X :126.916925, Y :37.5124768"
올리브영,1.0,신길역,KR 서울 영등포구 신길동 103-9,"X :x좌표없음, Y :y좌표없음"
스타벅스,1.0,신길역,서울특별시 영등포구 신길동 252-9,"X :126.910058, Y :37.5045609"
이디야,1.0,대방역,서울특별시 동작구 대방동 노량진로 24,"X :126.928337, Y :37.5128808"
다이소,1.0,대방역,서울특별시 동작구 대방동 341-2,"X :126.926223, Y :37.5123930"
올리브영,1.0,대방역,서울특별시 영등포구 영등포로 422,"X :126.924786, Y :37.5123200"
스타벅스,1.0,대방역,노량진로 134 동작구 서울특별시 KR,"X :126.940858, Y :37.5133384"
이디야,1.0,노량진역,서울특별시 동작구 노량진2동 노량진로 110,"X :126.938177, Y :37.5131929"
다이소,1.0,노량진역,서울특별시 동작구 노량진로 166,"X :126.944783, Y :37.5133674"
올리브영,1.0,노량진역,서울특별시 동작구 노량진로 162,"X :126.943901, Y :37.5133670"
스타벅스,1.0,노량진역,노량진로 134 동작구 서울특별시 KR,"X :126.940858, Y :37.5133384"
이디야,1.0,용산역,서울특별시 용산구 한강대로 52-1,"X :126.964662, Y :37.5253946"
다이소,1.0,용산역,서울특별시 용산구 한강로동 한강대로21나길 7,"X :126.963935, Y :37.5295840"
올리브영,1.0,용산역,서울특별시 용산구 한강로3가 40-999,"X :126.963212, Y :37.5278989"
스타벅스,1.0,용산역,서울특별시 용산구 한강로3가 한강대로23길 55 6층,"X :126.963935, Y :37.5295840"
이디야,1.0,남영역,"번지 2 층, 87 갈월동 용산구 서울특별시","X :x좌표없음, Y :y좌표없음"
다이소,1.0,남영역,서울특별시 용산구 갈월동 한강대로77길 12 국제전산빌딩,"X :126.971850, Y :37.5422001"
올리브영,1.0,남영역,서울특별시 용산구 남영동 한강대로 285,"X :126.971883, Y :37.5436868"
스타벅스,1.0,남영역,서울특별시 용산구 갈월동 90-8,"X :126.972234, Y :37.5428580"
이디야,1.0,서울역,서울특별시 용산구 동자동 후암로 93,"X :126.975105, Y :37.5533282"
다이소,1.0,서울역,서울특별시 용산구 한강대로 405,"X :126.971042, Y :37.5523812"
올리브영,1.0,서울역,서울특별시 용산구 한강대로 405,"X :126.971042, Y :37.5523812"
스타벅스,1.0,서울역,서울특별시 용산구 동자동 43-205 서울역(철도역,"X :126.971709, Y :37.5548230"
이디야,1.0,시청역,서울특별시 중구 무교동 세종대로20길 23,"X :126.978824, Y :37.5671231"
다이소,1.0,시청역,서울특별시 중구 세종대로,"X :우편번호없음, Y :x좌표없음"
올리브영,1.0,시청역,서울특별시 중구 세종대로16길 1,"X :126.977116, Y :37.5635549"
스타벅스,1.0,시청역,서울특별시 중구 을지로1가 50 삼성 화재 삼성 빌딩 1 층,"X :126.979933, Y :37.5662944"
이디야,1.0,종각역,종로타워 지하 KR 서울특별시 종로구 종로 51 1층,"X :우편번호없음, Y :x좌표없음"
다이소,1.0,종각역,종로타워 지하 KR 서울특별시 종로구 종로 51 1층,"X :우편번호없음, Y :x좌표없음"
올리브영,1.0,종각역,서울특별시 종로구 종로2가 7,"X :126.984256, Y :37.5704217"
스타벅스,1.0,종각역,서울특별시 종로구 종로 64,"X :126.984505, Y :37.5699442"
이디야,1.0,종로3가역,서울특별시 종로구 종로 126,"X :126.991512, Y :37.5700801"
다이소,1.0,종로3가역,서울특별시 종로구 종로2가 삼일대로 395,"X :126.987347, Y :37.5699445"
올리브영,1.0,종로3가역,서울특별시 종로구 종로3가 117,"X :126.990640, Y :37.5700350"
스타벅스,1.0,종로3가역,서울특별시 종로구 종로 113-1,"X :126.990199, Y :37.5705755"
이디야,1.0,종로5가역,서울특별시 종로구 종로5가 182-5,"X :127.002232, Y :37.5705851"
다이소,1.0,종로5가역,서울특별시 종로구 종로5가 182-5,"X :127.002232, Y :37.5705851"
올리브영,1.0,종로5가역,서울특별시 종로구 종로2가,"X :우편번호없음, Y :x좌표없음"
스타벅스,1.0,종로5가역,서울특별시 종로구 인의동 48-2,"X :126.998315, Y :37.5712878"
이디야,1.0,동대문역,서울특별시 종로구 율곡로 286,"X :127.008095, Y :37.5718102"
다이소,1.0,동대문역,서울특별시 종로구 창신동 율곡로 309,"X :127.009952, Y :37.5702694"
올리브영,1.0,동대문역,서울특별시 중구 장충단로 251,"X :127.008027, Y :37.5671611"
스타벅스,1.0,동대문역,서울특별시 중구 장충단로 229,"X :127.007189, Y :37.5652060"
이디야,1.0,동묘앞역,서울특별시 종로구 율곡로 286,"X :127.008095, Y :37.5718102"
다이소,1.0,동묘앞역,서울특별시 종로구 숭인동 85,"X :127.018929, Y :37.5755572"
올리브영,1.0,동묘앞역,서울특별시 종로구 창신동 266-1,"X :127.015318, Y :37.5732422"
스타벅스,1.0,동묘앞역,서울특별시 종로구 숭인동 310 대우 디오빌,"X :127.016065, Y :37.5727105"
이디야,1.0,신설동역,서울특별시 종로구 숭인동,"X :우편번호없음, Y :x좌표없음"
다이소,1.0,신설동역,서울특별시 종로구 창신동 율곡로 309,"X :127.009952, Y :37.5702694"
올리브영,1.0,신설동역,서울특별시 동대문구 신설동,"X :우편번호없음, Y :x좌표없음"
스타벅스,1.0,신설동역,서울특별시 동대문구 왕산로 19,"X :127.025518, Y :37.5766913"
이디야,1.0,제기동역,용두동 119-1번지 동대문구 서울특별시 KR,"X :x좌표없음, Y :y좌표없음"
다이소,1.0,제기동역,서울특별시 동대문구 제기동 번지 지하 1054-1 1층,"X :우편번호없음, Y :x좌표없음"
올리브영,1.0,제기동역,서울특별시 동대문구 전농동 왕산로 214,"X :127.046973, Y :37.5809647"
스타벅스,1.0,제기동역,서울특별시 동대문구 왕산로 19,"X :127.025518, Y :37.5766913"
이디야,1.0,청량리역,서울특별시 동대문구 청량리동 왕산로 225 미주상가,"X :127.047064, Y :37.5820999"
다이소,1.0,청량리역,서울특별시 동대문구 청량리동,"X :우편번호없음, Y :x좌표없음"
올리브영,1.0,청량리역,서울특별시 동대문구 전농동 왕산로 214,"X :127.046973, Y :37.5809647"
스타벅스,1.0,청량리역,서울특별시 동대문구 전농동 591-53,"X :127.046486, Y :37.5806135"
이디야,1.0,회기역,서울특별시 동대문구 휘경동,"X :우편번호없음, Y :x좌표없음"
다이소,1.0,회기역,서울특별시 동대문구 휘경동 320-3,"X :127.056693, Y :37.5901236"
올리브영,1.0,회기역,서울특별시 동대문구 휘경동,"X :우편번호없음, Y :x좌표없음"
스타벅스,1.0,회기역,서울특별시 동대문구 회기동 이문로 37,"X :127.056037, Y :37.5907996"
이디야,1.0,외대앞역,서울특별시 동대문구 이문동 305-59,"X :127.061249, Y :37.5958336"
다이소,1.0,외대앞역,서울특별시 동대문구 이문동 휘경로 15,"X :127.061951, Y :37.5958963"
올리브영,1.0,외대앞역,서울특별시 동대문구 이문동 270-1,"X :127.057922, Y :37.5982769"
스타벅스,1.0,외대앞역,서울특별시 동대문구 이문1동 이문로19길 8-1,"X :127.058565, Y :37.5949249"
이디야,1.0,신이문역,서울특별시 동대문구 이문동 305-59,"X :127.061249, Y :37.5958336"
다이소,1.0,신이문역,서울특별시 동대문구 이문동 휘경로 15,"X :127.061951, Y :37.5958963"
올리브영,1.0,신이문역,서울특별시 동대문구 이문동 270-1,"X :127.057922, Y :37.5982769"
스타벅스,1.0,신이문역,서울특별시 동대문구 이문1동 이문로19길 8-1,"X :127.058565, Y :37.5949249"
이디야,1.0,석계역,"1 층, 168-2 석관동 성북구 서울특별시","X :x좌표없음, Y :y좌표없음"
다이소,1.0,석계역,서울특별시 노원구 월계동 63-10,"X :127.064210, Y :37.6158339"
올리브영,1.0,석계역,서울특별시 노원구 월계동 55-14,"X :127.063893, Y :37.6155368"
스타벅스,1.0,석계역,"1 층, 168-2 석관동 성북구 서울특별시","X :x좌표없음, Y :y좌표없음"
이디야,1.0,광운대역,서울특별시 노원구 월계1동 광운로 29,"X :127.058403, Y :37.6203147"
다이소,1.0,광운대역,서울특별시 노원구 월계동 63-10,"X :127.064210, Y :37.6158339"
올리브영,1.0,광운대역,월계동 413-1번지 1층 2호 노원구 서울특별시 KR,"X :127.060932, Y :37.6232687"
스타벅스,1.0,광운대역,서울특별시 노원구 석계로 104,"X :127.060637, Y :37.6231337"
이디야,1.0,월계역,월계동 290-1번지 1층 ID시티 노원구 서울특별시 KR,"X :127.058796, Y :37.6298379"
다이소,1.0,월계역,서울특별시 노원구 월계동 63-10,"X :127.064210, Y :37.6158339"
올리브영,1.0,월계역,월계동 413-1번지 1층 2호 노원구 서울특별시 KR,"X :127.060932, Y :37.6232687"
스타벅스,1.0,월계역,서울특별시 노원구 월계동 초안산로2라길 26,"X :127.057301, Y :37.6302801"
이디야,3.0,오금역,"가락 스타 클래스, 8 가락동 송파구 서울특별시","X :x좌표없음, Y :y좌표없음"
다이소,3.0,오금역,서울특별시 송파구 가락동 7,"X :127.125311, Y :37.5030626"
올리브영,3.0,오금역,서울특별시 송파구 가락동 167-4,"X :127.135637, Y :37.4973029"
스타벅스,3.0,오금역,송파구 오금동 17-8,"X :127.126643, Y :37.5085392"
이디야,3.0,경찰병원역,서울특별시 송파구 가락동 송이로 87,"X :127.120779, Y :37.4983099"
다이소,3.0,경찰병원역,서울특별시 송파구 가락본동 중대로 109,"X :127.120478, Y :37.4938233"
올리브영,3.0,경찰병원역,가락동 99-7번지 102호 가락아이디타워 1층 송파구 서울특별시 KR,"X :127.120037, Y :37.4935714"
스타벅스,3.0,경찰병원역,송파구 중대로 121,"X :127.121553, Y :37.4944078"
이디야,3.0,가락시장역,가락동 600번지 판매동 3층 07호 -1호 가락농수산물시장 송파구 서울특별시 KR,"X :127.108696, Y :37.4945193"
다이소,3.0,가락시장역,서울특별시 송파구 가락본동 중대로 109,"X :127.120478, Y :37.4938233"
올리브영,3.0,가락시장역,가락동 99-7번지 102호 가락아이디타워 1층 송파구 서울특별시 KR,"X :127.120037, Y :37.4935714"
스타벅스,3.0,가락시장역,송파구 중대로 121,"X :127.121553, Y :37.4944078"
이디야,3.0,수서역,서울특별시 강남구 수서동 광평로 280,"X :127.103473, Y :37.4874150"
다이소,3.0,수서역,서울특별시 송파구 가락본동 중대로 109,"X :127.120478, Y :37.4938233"
올리브영,3.0,수서역,서울특별시 강남구 광평로,"X :우편번호없음, Y :x좌표없음"
스타벅스,3.0,수서역,서울특별시 강남구 광평로 281,"X :127.102649, Y :37.4879924"
이디야,3.0,일원역,서울특별시 강남구 일원동 685-13,"X :127.081598, Y :37.4903872"
다이소,3.0,일원역,서울특별시 강남구 광평로,"X :우편번호없음, Y :x좌표없음"
올리브영,3.0,일원역,서울특별시 강남구 일원동 717번지 삼성생명일원역빌딩 1층 114호,"X :127.084440, Y :37.4840062"
스타벅스,3.0,일원역,서울특별시 강남구 광평로 281,"X :127.102649, Y :37.4879924"
이디야,3.0,대청역,서울특별시 강남구 일원동 685-13,"X :127.081598, Y :37.4903872"
다이소,3.0,대청역,서울특별시 강남구 도곡로 435,"X :127.057553, Y :37.4983840"
올리브영,3.0,대청역,서울특별시 강남구 일원동 717번지 삼성생명일원역빌딩 1층 114호,"X :127.084440, Y :37.4840062"
스타벅스,3.0,대청역,서울특별시 강남구 대치동 994-10,"X :127.068499, Y :37.4979818"
이디야,3.0,학여울역,서울특별시 강남구 대치동 943-24,"X :127.059448, Y :37.5068254"
다이소,3.0,학여울역,서울특별시 강남구 남부순환로 2921,"X :127.059483, Y :37.4934996"
올리브영,3.0,학여울역,서울특별시 강남구 대치1동 622-1,"X :127.060342, Y :37.4936614"
스타벅스,3.0,학여울역,서울특별시 강남구 대치동 994-10,"X :127.068499, Y :37.4979818"
이디야,3.0,대치역,서울특별시 강남구 대치4동 935-1,"X :127.054284, Y :37.4979980"
다이소,3.0,대치역,서울특별시 강남구 남부순환로 2921,"X :127.059483, Y :37.4934996"
올리브영,3.0,대치역,서울특별시 강남구 대치1동 622-1,"X :127.060342, Y :37.4936614"
스타벅스,3.0,대치역,남부순환로 2936 원플러스 상가 107호 강남구 서울특별시 KR,"X :127.061891, Y :37.4933452"
이디야,3.0,도곡역,도곡동 467-18번지 우성캐릭터빌 199 103호 이디야 도곡점 강남구 서울특별시 KR,"X :127.050997, Y :37.4870703"
다이소,3.0,도곡역,서울특별시 강남구 도곡동 544-2,"X :127.039998, Y :37.4918047"
올리브영,3.0,도곡역,서울특별시 강남구 도곡동 467-14번지,"X :127.053192, Y :37.4887272"
스타벅스,3.0,도곡역,강남구 대치동 651,"X :127.057390, Y :37.4921671"
이디야,3.0,매봉역,도곡동 467-18번지 우성캐릭터빌 199 103호 이디야 도곡점 강남구 서울특별시 KR,"X :127.050997, Y :37.4870703"
다이소,3.0,매봉역,서울특별시 강남구 남부순환로 2748,"X :127.047085, Y :37.4866034"
올리브영,3.0,매봉역,서울특별시 강남구 도곡동 467-14번지,"X :127.053192, Y :37.4887272"
스타벅스,3.0,매봉역,서울특별시 강남구 도곡로 205,"X :127.041243, Y :37.4930927"
이디야,3.0,양재역,서울특별시 서초구 양재1동 강남대로 221,"X :127.034307, Y :37.4834001"
다이소,3.0,양재역,서울특별시 서초구 양재동 남부순환로 2614 한솔로이젠트,"X :127.036636, Y :37.4844626"
올리브영,3.0,양재역,서울특별시 서초구 남부순환로 2585,"X :127.033369, Y :37.4847608"
스타벅스,3.0,양재역,서울특별시 서초구 양재1동 강남대로 202,"X :127.036839, Y :37.4823632"
이디야,3.0,남부터미널역,서울특별시 서초구 서초동 1444-2,"X :127.018829, Y :37.4847008"
다이소,3.0,남부터미널역,서울특별시 서초구 서초중앙로 36,"X :127.016183, Y :37.4855571"
올리브영,3.0,남부터미널역,서울특별시 서초구 서초동 1602-2,"X :127.015007, Y :37.4849986"
스타벅스,3.0,남부터미널역,서울특별시 서초구 서초동 1457-1,"X :127.014193, Y :37.4843770"
이디야,3.0,교대역,서울특별시 서초구 서초동 1669-15,"X :127.017089, Y :37.4934678"
다이소,3.0,교대역,서울특별시 서초구 서초동 서초대로 320,"X :127.016581, Y :37.4941797"
올리브영,3.0,교대역,서울특별시 서초구 서초동 1576-8,"X :127.013934, Y :37.4903597"
스타벅스,3.0,교대역,서울특별시 서초구 서초동 서초중앙로 138,"X :127.013957, Y :37.4942160"
이디야,3.0,고속터미널역,서울특별시 서초구 반포동 194,"X :127.000749, Y :37.5039475"
다이소,3.0,고속터미널역,서울특별시 서초구 반포4동 19-4,"X :127.006811, Y :37.5064161"
올리브영,3.0,고속터미널역,"서울특별시 서초구 반포동 로 지하 188 26, 27호 엔터식스 강남점","X :우편번호없음, Y :x좌표없음"
스타벅스,3.0,고속터미널역,서울특별시 서초구 신반포로 194,"X :127.007105, Y :37.5055601"
이디야,3.0,잠원역,서울특별시 서초구 잠원동 38-26,"X :127.020136, Y :37.5109197"
다이소,3.0,잠원역,서울특별시 서초구 반포4동 19-4,"X :127.006811, Y :37.5064161"
올리브영,3.0,잠원역,서울특별시 서초구 잠원로 51 NC백화점 강남점 1관 1층,"X :127.007287, Y :37.5093804"
스타벅스,3.0,잠원역,서울특별시 서초구 잠원동 신반포로 257,"X :127.014344, Y :37.5099384"
이디야,3.0,신사역,서울특별시 강남구 압구정로2길 62,"X :127.021415, Y :37.5177761"
다이소,3.0,신사역,서울특별시 강남구 논현동 강남대로 596,"X :127.020487, Y :37.5149201"
올리브영,3.0,신사역,서울특별시 강남구 도산대로 116 논현빌딩 1층,"X :127.021540, Y :37.5165237"
스타벅스,3.0,신사역,서울특별시 강남구 도산대로 116 논현빌딩 1층,"X :127.021540, Y :37.5165237"
이디야,3.0,압구정역,논현로167길 16 KR 서울특별시 강남구 106 호 2층,"X :127.026893, Y :37.5247848"
다이소,3.0,압구정역,서울특별시 강남구 논현로 878,"X :127.028952, Y :37.5270459"
올리브영,3.0,압구정역,서울특별시 강남구 신사동 611-1,"X :127.020162, Y :37.5260655"
스타벅스,3.0,압구정역,서울특별시 강남구 압구정로30길 17,"X :127.029393, Y :37.5262979"
이디야,3.0,옥수역,서울특별시 성동구 옥수동 365-20,"X :127.016692, Y :37.5419956"
다이소,3.0,옥수역,서울특별시 성동구 동호로 21,"X :127.016963, Y :37.5393647"
올리브영,3.0,옥수역,서울특별시 성동구 금호동4가 544,"X :127.022713, Y :37.5475989"
스타벅스,3.0,옥수역,서울특별시 성동구 옥수동 262-1,"X :127.013332, Y :37.5429781"
이디야,3.0,금호역,"66, 금호산길 성동구 서울특별시","X :우편번호없음, Y :x좌표없음"
다이소,3.0,금호역,서울특별시 성동구 독서당로 290-1,"X :127.021356, Y :37.5478243"
올리브영,3.0,금호역,서울특별시 성동구 금호동4가 544,"X :127.022713, Y :37.5475989"
스타벅스,3.0,금호역,서울특별시 성동구 금호동4가 1483,"X :127.015324, Y :37.5480144"
이디야,3.0,약수역,서울특별시 중구 신당동 373-70번지 1층,"X :127.011613, Y :37.5545200"
다이소,3.0,약수역,서울특별시 중구 신당동 다산로 130-1,"X :127.011195, Y :37.5553309"
올리브영,3.0,약수역,신당동 369-7번지 중구 서울특별시 KR,"X :x좌표없음, Y :y좌표없음"
스타벅스,3.0,약수역,서울특별시 중구 다산로 129,"X :127.010708, Y :37.5554210"
이디야,3.0,동대입구역,서울특별시 중구 신당동 373-70번지 1층,"X :127.011613, Y :37.5545200"
다이소,3.0,동대입구역,서울특별시 중구 신당동 다산로 130-1,"X :127.011195, Y :37.5553309"
올리브영,3.0,동대입구역,신당동 369-7번지 중구 서울특별시 KR,"X :x좌표없음, Y :y좌표없음"
스타벅스,3.0,동대입구역,서울특별시 중구 장충단로 166,"X :127.006181, Y :37.5596650"
이디야,3.0,충무로역,서울특별시 중구 필동 퇴계로 188,"X :126.992532, Y :37.5608090"
다이소,3.0,충무로역,서울특별시 중구 명동길 43,"X :126.984722, Y :37.5639887"
올리브영,3.0,충무로역,서울특별시 중구 필동2가 37-10,"X :126.996391, Y :37.5615210"
스타벅스,3.0,충무로역,서울특별시 중구 필동 퇴계로 197,"X :126.993913, Y :37.5614128"
이디야,3.0,을지로3가역,서울특별시 중구 수표로 45,"X :126.989656, Y :37.5654398"
다이소,3.0,을지로3가역,서울특별시 중구 명동길 43,"X :126.984722, Y :37.5639887"
올리브영,3.0,을지로3가역,서울특별시 중구 명동3길 36,"X :126.983714, Y :37.5653310"
스타벅스,3.0,을지로3가역,서울특별시 중구 수표로 34,"X :126.990336, Y :37.5644578"
이디야,3.0,안국역,서울특별시 중구 남대문로 29-2,"X :126.978939, Y :37.5614289"
다이소,3.0,안국역,서울특별시 종로구 안국동 율곡로 45,"X :126.984334, Y :37.5763862"
올리브영,3.0,안국역,서울특별시 종로구 안국동 175-3,"X :126.983802, Y :37.5760258"
스타벅스,3.0,안국역,서울특별시 종로구 재동 109,"X :126.985624, Y :37.5773595"
이디야,3.0,경복궁역,서울특별시 종로구 자하문로 7,"X :126.972187, Y :37.5766992"
다이소,3.0,경복궁역,서울특별시 종로구 적선동 사직로 125,"X :126.972844, Y :37.5761407"
올리브영,3.0,경복궁역,서울특별시 종로구 종로 19,"X :126.980011, Y :37.5704390"
스타벅스,3.0,경복궁역,서울특별시 종로구 자하문로4길 6,"X :126.972594, Y :37.5771678"
이디야,3.0,독립문역,서울특별시 종로구 무악동 통일로 266,"X :126.956769, Y :37.5758384"
다이소,3.0,독립문역,서울특별시 서대문구 홍제동 469,"X :126.947378, Y :37.5851507"
올리브영,3.0,독립문역,서울특별시 종로구 교남동 62,"X :126.963836, Y :37.5690745"
스타벅스,3.0,독립문역,서울특별시 종로구 통일로 168-1,"X :우편번호없음, Y :x좌표없음"
이디야,3.0,무악재역,서울특별시 서대문구 홍제동 90-47,"X :126.949666, Y :37.5830795"
다이소,3.0,무악재역,서울특별시 서대문구 홍제동 161-1,"X :126.944794, Y :37.5884111"
올리브영,3.0,무악재역,서울특별시 서대문구 홍제3동 통일로 446,"X :126.944545, Y :37.5887624"
스타벅스,3.0,무악재역,서울특별시 서대문구 통일로 451,"X :126.943899, Y :37.5886900"
이디야,3.0,홍제역,서울특별시 서대문구 홍제동,"X :우편번호없음, Y :x좌표없음"
다이소,3.0,홍제역,서울특별시 서대문구 홍제동 161-1,"X :126.944794, Y :37.5884111"
올리브영,3.0,홍제역,서울특별시 서대문구 홍제3동 통일로 446,"X :126.944545, Y :37.5887624"
스타벅스,3.0,홍제역,서울특별시 서대문구 통일로 451,"X :126.943899, Y :37.5886900"
이디야,3.0,녹변역,녹번동 131-158번지 1층 신명빌딩 은평구 서울특별시 KR,"X :126.926953, Y :37.6087184"
다이소,3.0,녹변역,서울특별시 은평구 갈현동 468-2,"X :126.915997, Y :37.6122609"
올리브영,3.0,녹변역,서울특별시 은평구 응암동 91-3,"X :126.918412, Y :37.5998380"
스타벅스,3.0,녹변역,서울특별시 은평구 녹번동 통일로 636,"X :126.935315, Y :37.6034616"
이디야,3.0,불광역,서울특별시 은평구 불광1동 불광로 59,"X :126.931694, Y :37.6123343"
다이소,3.0,불광역,서울특별시 은평구 대조동 통일로67길 3 상일빌딩,"X :126.928898, Y :37.6108279"
올리브영,3.0,불광역,서울특별시 은평구 불광동 통일로 736,"X :126.929600, Y :37.6112428"
스타벅스,3.0,불광역,서울특별시 은평구 대조동 15-9,"X :126.930282, Y :37.6093962"
이디야,3.0,연신내역,서울특별시 은평구 갈현동 398-6,"X :126.919863, Y :37.6188768"
다이소,3.0,연신내역,서울특별시 은평구 불광동 연서로 253,"X :126.922637, Y :37.6199959"
올리브영,3.0,연신내역,서울특별시 은평구 갈현동 396-4,"X :126.920361, Y :37.6195709"
스타벅스,3.0,연신내역,서울특별시 은평구 통일로 842,"X :126.921880, Y :37.6185899"
이디야,3.0,구파발역,서울특별시 은평구 진관동 29-21,"X :126.926122, Y :37.6458203"
다이소,3.0,구파발역,서울특별시 은평구 진관동 통일로 1050,"X :126.919161, Y :37.6392025"
올리브영,3.0,구파발역,서울특별시 은평구 진관동 100-6,"X :126.918532, Y :37.6342376"
스타벅스,3.0,구파발역,서울특별시 은평구 진관동 진관2로 12,"X :126.920357, Y :37.6333289"
이디야,3.0,지축역,경기도 고양시 덕양구 지축동 643-3,"X :126.913628, Y :37.6520554"
다이소,3.0,지축역,경기도 고양시 덕양구 삼송동 16-45번지,"X :126.894873, Y :37.6529680"
올리브영,3.0,지축역,경기도 고양시 덕양구 권율 대로 893,"X :126.889689, Y :37.6635857"
스타벅스,3.0,지축역,경기도 고양시 덕양구 삼송동 291 KR,"X :126.896108, Y :37.6526538"
이디야,3.0,대화역,경기도 고양시 일산서구 대화동 2222,"X :126.747456, Y :37.6757086"
다이소,3.0,대화역,일산서구 일산동 1054-1번지 1층 고양시 경기도 KR,"X :126.762826, Y :37.6795248"
올리브영,3.0,대화역,경기도 고양시 일산서구 대화동 2219,"X :126.746083, Y :37.6761291"
스타벅스,3.0,대화역,경기도 고양시 일산서구 중앙로 1559,"X :126.748194, Y :37.6754039"
이디야,3.0,대곡역,경기도 고양시 일산서구 대화동 2222,"X :126.747456, Y :37.6757086"
다이소,3.0,대곡역,경기도 고양시 덕양구 토당동 토당로 110,"X :126.817703, Y :37.6249067"
올리브영,3.0,대곡역,일산서구 일산동 1084-1번지 고양시 경기도 KR,"X :126.767560, Y :37.6774080"
스타벅스,3.0,대곡역,경기도 고양시 일산동구 일산동구 백석동 1296-3,"X :126.787380, Y :37.6439654"
이디야,5.0,마천역,거여동 133-77번지 송파구 서울특별시 KR,"X :127.146133, Y :37.4980654"
다이소,5.0,마천역,마천동 127-9번지 지하 송파구 서울특별시 KR,"X :127.147985, Y :37.4971350"
올리브영,5.0,마천역,서울특별시 송파구 거여동 27-5,"X :127.145523, Y :37.4927142"
스타벅스,5.0,마천역,서울특별시 송파구 마천동 43-1,"X :127.147629, Y :37.4997484"
이디야,5.0,거여역,서울특별시 송파구 거여1동 오금로 497,"X :127.144168, Y :37.4934907"
다이소,5.0,거여역,서울특별시 송파구 거여2동 거마로 12 지하1층,"X :127.144994, Y :37.4938230"
올리브영,5.0,거여역,서울특별시 송파구 거여동 27-5,"X :127.145523, Y :37.4927142"
스타벅스,5.0,거여역,서울특별시 송파구 오금로 493,"X :127.143682, Y :37.4936264"
이디야,5.0,개롱역,서울특별시 송파구 오금동 165,"X :127.136567, Y :37.4986263"
다이소,5.0,개롱역,서울특별시 송파구 가락본동 중대로 109,"X :127.120478, Y :37.4938233"
올리브영,5.0,개롱역,서울특별시 송파구 가락동 167-4,"X :127.135637, Y :37.4973029"
스타벅스,5.0,개롱역,서울특별시 송파구 오금로 420,"X :127.136077, Y :37.4969870"
이디야,5.0,오금역,"가락 스타 클래스, 8 가락동 송파구 서울특별시","X :x좌표없음, Y :y좌표없음"
다이소,5.0,오금역,서울특별시 송파구 가락동 7,"X :127.125311, Y :37.5030626"
올리브영,5.0,오금역,서울특별시 송파구 가락동 167-4,"X :127.135637, Y :37.4973029"
스타벅스,5.0,오금역,송파구 오금동 17-8,"X :127.126643, Y :37.5085392"
이디야,5.0,방이역,서울특별시 송파구 방이동 208-6,"X :127.124699, Y :37.5095504"
다이소,5.0,방이역,서울특별시 송파구 방이동 백제고분로48길 5,"X :127.114003, Y :37.5117865"
올리브영,5.0,방이역,서울특별시 송파구 방이동 207-10,"X :127.125490, Y :37.5090270"
스타벅스,5.0,방이역,송파구 오금동 17-8,"X :127.126643, Y :37.5085392"
이디야,5.0,올림픽공원역,서울특별시 송파구 방이동 89-11,"X :127.131044, Y :37.5157154"
다이소,5.0,올림픽공원역,서울특별시 송파구 방이동 백제고분로48길 5,"X :127.114003, Y :37.5117865"
올리브영,5.0,올림픽공원역,서울특별시 송파구 방이동 89-12,"X :127.133249, Y :37.5153256"
스타벅스,5.0,올림픽공원역,서울특별시 송파구 위례성대로 102 태평양파크빌라트 1층,"X :127.122997, Y :37.5133364"
이디야,5.0,둔촌동역,서울특별시 강동구 성내3동 415-8,"X :127.136237, Y :37.5292066"
다이소,5.0,둔촌동역,서울특별시 강동구 양재대로 1355 지하 1층,"X :127.135532, Y :37.5273873"
올리브영,5.0,둔촌동역,서울특별시 강동구 양재대로 1317,"X :127.134124, Y :37.5240282"
스타벅스,5.0,둔촌동역,서울특별시 강동구 양재대로 1303,"X :127.133906, Y :37.5227400"
