,건물,호선,역,주소
1,이디야,1,인천역,인천광역시 중구 58-1
2,다이소,1,인천역,인천광역시 중구 인현동 19-7
3,올리브영,1,인천역,"인천광역시 부평구 광장로 16 인천 부평구 광장로 16 민자역사 지하2층 35,37 38호"
4,스타벅스,1,인천역,인천광역시 남구 용현동 630-9
5,이디야,1,동인천역,인천광역시 중구 58-1
6,다이소,1,동인천역,인천광역시 중구 인현동 19-7
7,올리브영,1,동인천역,인천광역시 남구 숙골로 87번길 5 2단지 142~45호 더샵인천스카이타워
8,스타벅스,1,동인천역,인천광역시 남구 용현동 630-9
9,이디야,1,도원역,인천광역시 중구 58-1
10,다이소,1,도원역,인천광역시 남구 도화동 706-3
11,올리브영,1,도원역,용현동 190-35번지 1층 남구 인천광역시 KR
12,스타벅스,1,도원역,인천광역시 남구 숭의동 78-2
13,이디야,1,제물포역,인천광역시 남구 숭의4동 59-9
14,다이소,1,제물포역,인천광역시 남구 숭의4동 51-21
15,올리브영,1,제물포역,인천광역시 남구 숙골로 87번길 5 2단지 142~45호 더샵인천스카이타워
16,스타벅스,1,제물포역,인천광역시 남구 숭의동 78-2
17,이디야,1,도화역,인천광역시 남구 도화동 104-8번지 기아자동차 103호
18,다이소,1,도화역,인천광역시 남구 도화동 706-3
19,올리브영,1,도화역,주안동 30-1번지 아이존쇼핑몰 A동 B1층 남구 인천광역시 KR
20,스타벅스,1,도화역,"141-1, Juan-Dong Nam-Gu, 1,2F, Incheon, 인천광역시"
21,이디야,1,주안역,인천광역시 남구 주안1동
22,다이소,1,주안역,인천광역시 남구 주안5동 125
23,올리브영,1,주안역,주안동 30-1번지 아이존쇼핑몰 A동 B1층 남구 인천광역시 KR
24,스타벅스,1,주안역,"141-1, Juan-Dong Nam-Gu, 1,2F, Incheon, 인천광역시"
25,이디야,1,간석역,인천광역시 남구 주안6동 46-1
26,다이소,1,간석역,인천광역시 남동구 간석4동 762-25
27,올리브영,1,간석역,주안동 30-1번지 아이존쇼핑몰 A동 B1층 남구 인천광역시 KR
28,스타벅스,1,간석역,인천광역시 남동구 617-6
29,이디야,1,동암역,인천광역시 부평구 십정동 406-3
30,다이소,1,동암역,인천광역시 남구 숭의4동 51-21
31,올리브영,1,동암역,인천광역시 부평구 십정2동 408-14
32,스타벅스,1,동암역,인천광역시 부평구 십정2동 402-56
33,이디야,1,백운역,인천광역시 부평구 십정동 186-114
34,다이소,1,백운역,인천광역시 부평구 경인로 947
35,올리브영,1,백운역,인천광역시 부평구 경인로 947
36,스타벅스,1,백운역,인천광역시 남동구 간석동 772
37,이디야,1,부평역,인천광역시 부평구 경원대로 1373 1층
38,다이소,1,부평역,인천광역시 부평구 부평동 738
39,올리브영,1,부평역,"인천광역시 부평구 광장로 16 인천 부평구 광장로 16 민자역사 지하2층 35,37 38호"
40,스타벅스,1,부평역,인천광역시 부평구 부평동 경원대로 1377
41,이디야,1,부개역,인천광역시 부평구 수변로10번길 48 한울팰리스 1층
42,다이소,1,부개역,부개동 12-112번지 2층 부평구 인천광역시 KR
43,올리브영,1,부개역,인천광역시 부평구 경인로 947
44,스타벅스,1,부개역,인천광역시 부평구 부평동 경원대로 1377
45,이디야,1,송내역,경기도 부천시 소사구 송내1동 709-6
46,다이소,1,송내역,경기도 부천시 소사구 송내동 송내대로 43
47,올리브영,1,송내역,경기도 부천시 원미구 상동 상일로94번길 34
48,스타벅스,1,송내역,경기도 부천시 원미구 상동 464
49,이디야,1,중동역,경기도 부천시 소사구 송내동 373
50,다이소,1,중동역,경기도 부천시 길주로 267
51,올리브영,1,중동역,경기도 부천시 원미구 중동 1140-3
52,스타벅스,1,중동역,경기도 부천시 원미구 부흥로 193
53,이디야,1,부천역,경기도 부천시 소사구 심곡본동 736-2
54,다이소,1,부천역,경기도 부천시 부천로 20 지하1층
55,올리브영,1,부천역,경기도 부천시 심곡본동 316-2
56,스타벅스,1,부천역,경기도 부천시 원미구 심곡동 174-1
57,이디야,1,소사역,경기도 부천시 소사로282번길 8
58,다이소,1,소사역,경기도 부천시 소사구 소사본동 395
59,올리브영,1,소사역,경기도 부천시 원미구 부천로9번길 28
60,스타벅스,1,소사역,경기도 부천시 원미구 심곡동 174-1
61,이디야,1,역곡역,경기도 부천시 원미구 역곡동 82-8
62,다이소,1,역곡역,경기도 부천시 원미구 역곡동 80-6
63,올리브영,1,역곡역,역곡동 77-9번지 부천시 경기도 KR
64,스타벅스,1,역곡역,경기도 부천시 경인로 485
65,이디야,1,온수역,서울특별시 구로구 온수동 51-7
66,다이소,1,온수역,경기도 부천시 소사구 역곡3동 113-3
67,올리브영,1,온수역,역곡동 77-9번지 부천시 경기도 KR
68,스타벅스,1,온수역,경기도 부천시 경인로 485
69,이디야,1,오류동역,서울특별시 구로구 오류동 51-31
70,다이소,1,오류동역,서울특별시 구로구 오류동 경인로 209
71,올리브영,1,오류동역,서울특별시 구로구 오류1동 51-9
72,스타벅스,1,오류동역,서울특별시 구로구 경인로 216
73,이디야,1,개봉역,"2 층, 403-50 개봉동 구로구 서울특별시"
74,다이소,1,개봉역,서울특별시 구로구 개봉1동 경인로40길 41 대덕빌딩 지하
75,올리브영,1,개봉역,서울특별시 양천구 오목로 300 현대하이페리온2
76,스타벅스,1,개봉역,서울특별시 구로구 고척동 72-59
77,이디야,1,구일역,서울특별시 구로구 구로동 642-108
78,다이소,1,구일역,서울특별시 구로구 구로5동 가마산로 263 뉴월드빌딩 지하 1층
79,올리브영,1,구일역,서울특별시 구로구 오류1동 51-9
80,스타벅스,1,구일역,구로구 NC 573 KR 서울특별시 구로구 구로동
81,이디야,1,구로역,서울특별시 구로구 구로동 번지 109호 호 603-9 스타팰리스
82,다이소,1,구로역,서울특별시 구로구 구로5동 가마산로 263 뉴월드빌딩 지하 1층
83,올리브영,1,구로역,서울특별시 구로구 구로3동 187-10
84,스타벅스,1,구로역,구로구 NC 573 KR 서울특별시 구로구 구로동
85,이디야,1,가산디지털단지역,서울특별시 금천구 가산동 470-5
86,다이소,1,가산디지털단지역,서울특별시 금천구 벚꽃로 266
87,올리브영,1,가산디지털단지역,서울특별시 금천구 가산동 372-41
88,스타벅스,1,가산디지털단지역,서울특별시 금천구 50-3
89,이디야,1,독산역,서울특별시 금천구 시흥대로 399
90,다이소,1,독산역,서울특별시 금천구 독산1동 시흥대로 403 셈프레팜
91,올리브영,1,독산역,서울특별시 금천구 시흥동 883-7번지 1층
92,스타벅스,1,독산역,서울특별시 금천구 시흥대로 399
93,이디야,1,금천구청역,서울특별시 금천구 시흥대로 198
94,다이소,1,금천구청역,서울특별시 금천구 시흥1동 883-2
95,올리브영,1,금천구청역,서울특별시 금천구 시흥동 883-7번지 1층
96,스타벅스,1,금천구청역,"서울특별시 금천구 시흥동 1031 엠타워 112,113,114,115호"
97,이디야,1,광명역,경기도 광명시 일직동 광명역로 21
98,다이소,1,광명역,경기도 광명시 광명로 907
99,올리브영,1,광명역,경기도 광명시 일직동 513
100,스타벅스,1,광명역,"광명역써밋플레이스, 16 양지로, 일직동 광명시 경기도"
101,이디야,1,석수역,만안구 석수동 425-1번지 1층 105 106호 안양시 경기도 KR
102,다이소,1,석수역,경기도 안양시 만안구 석수동 314-1
103,올리브영,1,석수역,경기도 안양시 만안구 안양동 1189-1번지 지하층 D20호 일번가 지하쇼핑몰
104,스타벅스,1,석수역,경기도 안양시 만안구 만안구 석수동 385-3
105,이디야,1,관악역,만안구 석수동 425-1번지 1층 105 106호 안양시 경기도 KR
106,다이소,1,관악역,경기도 안양시 만안구 석수동 314-1
107,올리브영,1,관악역,서울특별시 관악구 봉천동 관악로 171
108,스타벅스,1,관악역,경기도 안양시 만안구 만안구 석수동 385-3
109,이디야,1,안양역,경기도 안양시 만안구 만안로 207
110,다이소,1,안양역,경기도 안양시 만안구 만안로 207
111,올리브영,1,안양역,경기도 안양시 만안구 안양동 674-105
112,스타벅스,1,안양역,경기도 안양시 만안구 안양동 88-1 2필지 민자역사 1층 001호
113,이디야,1,명학역,경기도 안양시 만안구 태평로60번길 42
114,다이소,1,명학역,경기도 안양시 만안구 안양동 안양로 145
115,올리브영,1,명학역,경기도 안양시 만안구 안양동 674-105
116,스타벅스,1,명학역,"경기도 안양시 만안구 안양동 1410 KR 128,129,130,132,133,134,135,136호"
117,이디야,1,금정역,경기도 군포시 산본동 산본천로 216
118,다이소,1,금정역,경기도 군포시 군포로 486
119,올리브영,1,금정역,경기도 군포시 산본1동 266-7
120,스타벅스,1,금정역,"경기도 군포시 금정동 엘에스로 143 힐스테이트 금정역), AK플라자 4층"
121,이디야,1,군포역,경기도 군포시 당동 751-7번지 KR 1층
122,다이소,1,군포역,경기도 군포시 군포로 486
123,올리브영,1,군포역,경기도 군포시 산본1동 266-7
124,스타벅스,1,군포역,경기도 군포시 산본동 111 KR
125,이디야,1,당정역,당정동 1013-1번지 103호 동원빌딩 군포시 경기도 KR
126,다이소,1,당정역,경기도 군포시 군포로 486
127,올리브영,1,당정역,경기도 군포시 당동 921-3
128,스타벅스,1,당정역,경기도 군포시 당정동 1015-5
129,이디야,1,의왕역,경기도 의왕시 삼동 199-1
130,다이소,1,의왕역,경기도 의왕시 삼동 192-60
131,올리브영,1,의왕역,KR 경기 의왕시 삼동 471-24
132,스타벅스,1,의왕역,경기도 의왕시 청계동 829-4 KR
133,이디야,1,성균관대역,경기도 수원시 장안구 율전동 292-7
134,다이소,1,성균관대역,경기도 수원시 장안구 율전동 495-2
135,올리브영,1,성균관대역,경기도 수원시 장안구 율전동 285-8
136,스타벅스,1,성균관대역,경기도 수원시 장안구 서부로 2131
137,이디야,1,화서역,경기도 수원시 팔달구 화서동 174-14
138,다이소,1,화서역,경기도 수원시 팔달구 화서2동 410-1
139,올리브영,1,화서역,경기도 수원시 팔달구 향교로 5 1층
140,스타벅스,1,화서역,경기도 수원시 팔달구 매산로 11
141,이디야,1,수원역,경기도 수원시 팔달구 매산로2가 40-34
142,다이소,1,수원역,경기도 수원시 팔달구 매산로1가 덕영대로 924
143,올리브영,1,수원역,경기도 수원시 팔달구 덕영대로
144,스타벅스,1,수원역,경기도 수원시 팔달구 매산로1가 18 KR AK플라자
145,이디야,1,세류역,경기도 수원시 권선구 세류1동 230-39
146,다이소,1,세류역,경기도 수원시 권선구 세류동 경수대로 291
147,올리브영,1,세류역,경기도 수원시 권선구 권선동 1192-1
148,스타벅스,1,세류역,경기도 수원시 권선구 세류동 325-1 KR
149,이디야,1,병정역,경기도 화성시 진안동 527-16
150,다이소,1,병정역,경기도 화성시 병점동 431-54
151,올리브영,1,병정역,진안동 914-2번지 화성시 경기도 KR
152,스타벅스,1,병정역,경기도 화성시 진안동 873-4
153,이디야,1,신도림역,서울특별시 구로구 신도림 테크노마트 1층
154,다이소,1,신도림역,서울특별시 구로구 신도림동 경인로 662 디큐브시티
155,올리브영,1,신도림역,서울특별시 구로구 신도림동 360-51
156,스타벅스,1,신도림역,서울특별시 구로구 신도림동 413-9
157,이디야,1,영등포역,서울특별시 영등포구 영등포동 423-103
158,다이소,1,영등포역,서울특별시 영등포구 영등포동3가 9-2
159,올리브영,1,영등포역,서울특별시 영등포구 영중로 15
160,스타벅스,1,영등포역,서울특별시 영등포구 영등포동1가 143-3 J&AMP;S
161,이디야,1,신길역,서울특별시 영등포구 신길동 59-2
162,다이소,1,신길역,신길동 110-5번지 지하1층 B동 01호 태화빌딩 영등포구 서울특별시 KR
163,올리브영,1,신길역,KR 서울 영등포구 신길동 103-9
164,스타벅스,1,신길역,서울특별시 영등포구 신길동 252-9
165,이디야,1,대방역,서울특별시 동작구 대방동 노량진로 24
166,다이소,1,대방역,서울특별시 동작구 대방동 341-2
167,올리브영,1,대방역,서울특별시 영등포구 영등포로 422
168,스타벅스,1,대방역,노량진로 134 동작구 서울특별시 KR
169,이디야,1,노량진역,서울특별시 동작구 노량진2동 노량진로 110
170,다이소,1,노량진역,서울특별시 동작구 노량진로 166
171,올리브영,1,노량진역,서울특별시 동작구 노량진로 162
172,스타벅스,1,노량진역,노량진로 134 동작구 서울특별시 KR
173,이디야,1,용산역,서울특별시 용산구 한강대로 52-1
174,다이소,1,용산역,서울특별시 용산구 한강로동 한강대로21나길 7
175,올리브영,1,용산역,서울특별시 용산구 한강로3가 40-999
176,스타벅스,1,용산역,서울특별시 용산구 한강로3가 한강대로23길 55 6층
177,이디야,1,남영역,"번지 2 층, 87 갈월동 용산구 서울특별시"
178,다이소,1,남영역,서울특별시 용산구 갈월동 한강대로77길 12 국제전산빌딩
179,올리브영,1,남영역,서울특별시 용산구 남영동 한강대로 285
180,스타벅스,1,남영역,서울특별시 용산구 갈월동 90-8
181,이디야,1,서울역,서울특별시 용산구 동자동 후암로 93
182,다이소,1,서울역,서울특별시 용산구 한강대로 405
183,올리브영,1,서울역,서울특별시 용산구 한강대로 405
184,스타벅스,1,서울역,서울특별시 용산구 동자동 43-205 서울역(철도역
185,이디야,1,시청역,서울특별시 중구 무교동 세종대로20길 23
186,다이소,1,시청역,서울특별시 중구 세종대로
187,올리브영,1,시청역,서울특별시 중구 세종대로16길 1
188,스타벅스,1,시청역,서울특별시 중구 을지로1가 50 삼성 화재 삼성 빌딩 1 층
189,이디야,1,종각역,종로타워 지하 KR 서울특별시 종로구 종로 51 1층
190,다이소,1,종각역,종로타워 지하 KR 서울특별시 종로구 종로 51 1층
191,올리브영,1,종각역,서울특별시 종로구 종로2가 7
192,스타벅스,1,종각역,서울특별시 종로구 종로 64
193,이디야,1,종로3가역,서울특별시 종로구 종로 126
194,다이소,1,종로3가역,서울특별시 종로구 종로2가 삼일대로 395
195,올리브영,1,종로3가역,서울특별시 종로구 종로3가 117
196,스타벅스,1,종로3가역,서울특별시 종로구 종로 113-1
197,이디야,1,종로5가역,서울특별시 종로구 종로5가 182-5
198,다이소,1,종로5가역,서울특별시 종로구 종로5가 182-5
199,올리브영,1,종로5가역,서울특별시 종로구 종로2가
200,스타벅스,1,종로5가역,서울특별시 종로구 인의동 48-2
201,이디야,1,동대문역,서울특별시 종로구 율곡로 286
202,다이소,1,동대문역,서울특별시 종로구 창신동 율곡로 309
203,올리브영,1,동대문역,서울특별시 중구 장충단로 251
204,스타벅스,1,동대문역,서울특별시 중구 장충단로 229
205,이디야,1,동묘앞역,서울특별시 종로구 율곡로 286
206,다이소,1,동묘앞역,서울특별시 종로구 숭인동 85
207,올리브영,1,동묘앞역,서울특별시 종로구 창신동 266-1
208,스타벅스,1,동묘앞역,서울특별시 종로구 숭인동 310 대우 디오빌
209,이디야,1,신설동역,서울특별시 종로구 숭인동
210,다이소,1,신설동역,서울특별시 종로구 창신동 율곡로 309
211,올리브영,1,신설동역,서울특별시 동대문구 신설동
212,스타벅스,1,신설동역,서울특별시 동대문구 왕산로 19
213,이디야,1,제기동역,용두동 119-1번지 동대문구 서울특별시 KR
214,다이소,1,제기동역,서울특별시 동대문구 제기동 번지 지하 1054-1 1층
215,올리브영,1,제기동역,서울특별시 동대문구 전농동 왕산로 214
216,스타벅스,1,제기동역,서울특별시 동대문구 왕산로 19
217,이디야,1,청량리역,서울특별시 동대문구 청량리동 왕산로 225 미주상가
218,다이소,1,청량리역,서울특별시 동대문구 청량리동
219,올리브영,1,청량리역,서울특별시 동대문구 전농동 왕산로 214
220,스타벅스,1,청량리역,서울특별시 동대문구 전농동 591-53
221,이디야,1,회기역,서울특별시 동대문구 휘경동
222,다이소,1,회기역,서울특별시 동대문구 휘경동 320-3
223,올리브영,1,회기역,서울특별시 동대문구 휘경동
224,스타벅스,1,회기역,서울특별시 동대문구 회기동 이문로 37
225,이디야,1,외대앞역,서울특별시 동대문구 이문동 305-59
226,다이소,1,외대앞역,서울특별시 동대문구 이문동 휘경로 15
227,올리브영,1,외대앞역,서울특별시 동대문구 이문동 270-1
228,스타벅스,1,외대앞역,서울특별시 동대문구 이문1동 이문로19길 8-1
229,이디야,1,신이문역,서울특별시 동대문구 이문동 305-59
230,다이소,1,신이문역,서울특별시 동대문구 이문동 휘경로 15
231,올리브영,1,신이문역,서울특별시 동대문구 이문동 270-1
232,스타벅스,1,신이문역,서울특별시 동대문구 이문1동 이문로19길 8-1
233,이디야,1,석계역,"1 층, 168-2 석관동 성북구 서울특별시"
234,다이소,1,석계역,서울특별시 노원구 월계동 63-10
235,올리브영,1,석계역,서울특별시 노원구 월계동 55-14
236,스타벅스,1,석계역,"1 층, 168-2 석관동 성북구 서울특별시"
237,이디야,1,광운대역,서울특별시 노원구 월계1동 광운로 29
238,다이소,1,광운대역,서울특별시 노원구 월계동 63-10
239,올리브영,1,광운대역,월계동 413-1번지 1층 2호 노원구 서울특별시 KR
240,스타벅스,1,광운대역,서울특별시 노원구 석계로 104
241,이디야,1,월계역,월계동 290-1번지 1층 ID시티 노원구 서울특별시 KR
242,다이소,1,월계역,서울특별시 노원구 월계동 63-10
243,올리브영,1,월계역,월계동 413-1번지 1층 2호 노원구 서울특별시 KR
244,스타벅스,1,월계역,서울특별시 노원구 월계동 초안산로2라길 26
245,이디야,3,오금역,"가락 스타 클래스, 8 가락동 송파구 서울특별시"
246,다이소,3,오금역,서울특별시 송파구 가락동 7
247,올리브영,3,오금역,서울특별시 송파구 가락동 167-4
248,스타벅스,3,오금역,송파구 오금동 17-8
249,이디야,3,경찰병원역,서울특별시 송파구 가락동 송이로 87
250,다이소,3,경찰병원역,서울특별시 송파구 가락본동 중대로 109
251,올리브영,3,경찰병원역,가락동 99-7번지 102호 가락아이디타워 1층 송파구 서울특별시 KR
252,스타벅스,3,경찰병원역,송파구 중대로 121
253,이디야,3,가락시장역,가락동 600번지 판매동 3층 07호 -1호 가락농수산물시장 송파구 서울특별시 KR
254,다이소,3,가락시장역,서울특별시 송파구 가락본동 중대로 109
255,올리브영,3,가락시장역,가락동 99-7번지 102호 가락아이디타워 1층 송파구 서울특별시 KR
256,스타벅스,3,가락시장역,송파구 중대로 121
257,이디야,3,수서역,서울특별시 강남구 수서동 광평로 280
258,다이소,3,수서역,서울특별시 송파구 가락본동 중대로 109
259,올리브영,3,수서역,서울특별시 강남구 광평로
260,스타벅스,3,수서역,서울특별시 강남구 광평로 281
261,이디야,3,일원역,서울특별시 강남구 일원동 685-13
262,다이소,3,일원역,서울특별시 강남구 광평로
263,올리브영,3,일원역,서울특별시 강남구 일원동 717번지 삼성생명일원역빌딩 1층 114호
264,스타벅스,3,일원역,서울특별시 강남구 광평로 281
265,이디야,3,대청역,서울특별시 강남구 일원동 685-13
266,다이소,3,대청역,서울특별시 강남구 도곡로 435
267,올리브영,3,대청역,서울특별시 강남구 일원동 717번지 삼성생명일원역빌딩 1층 114호
268,스타벅스,3,대청역,서울특별시 강남구 대치동 994-10
269,이디야,3,학여울역,서울특별시 강남구 대치동 943-24
270,다이소,3,학여울역,서울특별시 강남구 남부순환로 2921
271,올리브영,3,학여울역,서울특별시 강남구 대치1동 622-1
272,스타벅스,3,학여울역,서울특별시 강남구 대치동 994-10
273,이디야,3,대치역,서울특별시 강남구 대치4동 935-1
274,다이소,3,대치역,서울특별시 강남구 남부순환로 2921
275,올리브영,3,대치역,서울특별시 강남구 대치1동 622-1
276,스타벅스,3,대치역,남부순환로 2936 원플러스 상가 107호 강남구 서울특별시 KR
277,이디야,3,도곡역,도곡동 467-18번지 우성캐릭터빌 199 103호 이디야 도곡점 강남구 서울특별시 KR
278,다이소,3,도곡역,서울특별시 강남구 도곡동 544-2
279,올리브영,3,도곡역,서울특별시 강남구 도곡동 467-14번지
280,스타벅스,3,도곡역,강남구 대치동 651
281,이디야,3,매봉역,도곡동 467-18번지 우성캐릭터빌 199 103호 이디야 도곡점 강남구 서울특별시 KR
282,다이소,3,매봉역,서울특별시 강남구 남부순환로 2748
283,올리브영,3,매봉역,서울특별시 강남구 도곡동 467-14번지
284,스타벅스,3,매봉역,서울특별시 강남구 도곡로 205
285,이디야,3,양재역,서울특별시 서초구 양재1동 강남대로 221
286,다이소,3,양재역,서울특별시 서초구 양재동 남부순환로 2614 한솔로이젠트
287,올리브영,3,양재역,서울특별시 서초구 남부순환로 2585
288,스타벅스,3,양재역,서울특별시 서초구 양재1동 강남대로 202
289,이디야,3,남부터미널역,서울특별시 서초구 서초동 1444-2
290,다이소,3,남부터미널역,서울특별시 서초구 서초중앙로 36
291,올리브영,3,남부터미널역,서울특별시 서초구 서초동 1602-2
292,스타벅스,3,남부터미널역,서울특별시 서초구 서초동 1457-1
293,이디야,3,교대역,서울특별시 서초구 서초동 1669-15
294,다이소,3,교대역,서울특별시 서초구 서초동 서초대로 320
295,올리브영,3,교대역,서울특별시 서초구 서초동 1576-8
296,스타벅스,3,교대역,서울특별시 서초구 서초동 서초중앙로 138
297,이디야,3,고속터미널역,서울특별시 서초구 반포동 194
298,다이소,3,고속터미널역,서울특별시 서초구 반포4동 19-4
299,올리브영,3,고속터미널역,"서울특별시 서초구 반포동 로 지하 188 26, 27호 엔터식스 강남점"
300,스타벅스,3,고속터미널역,서울특별시 서초구 신반포로 194
301,이디야,3,잠원역,서울특별시 서초구 잠원동 38-26
302,다이소,3,잠원역,서울특별시 서초구 반포4동 19-4
303,올리브영,3,잠원역,서울특별시 서초구 잠원로 51 NC백화점 강남점 1관 1층
304,스타벅스,3,잠원역,서울특별시 서초구 잠원동 신반포로 257
305,이디야,3,신사역,서울특별시 강남구 압구정로2길 62
306,다이소,3,신사역,서울특별시 강남구 논현동 강남대로 596
307,올리브영,3,신사역,서울특별시 강남구 도산대로 116 논현빌딩 1층
308,스타벅스,3,신사역,서울특별시 강남구 도산대로 116 논현빌딩 1층
309,이디야,3,압구정역,논현로167길 16 KR 서울특별시 강남구 106 호 2층
310,다이소,3,압구정역,서울특별시 강남구 논현로 878
311,올리브영,3,압구정역,서울특별시 강남구 신사동 611-1
312,스타벅스,3,압구정역,서울특별시 강남구 압구정로30길 17
313,이디야,3,옥수역,서울특별시 성동구 옥수동 365-20
314,다이소,3,옥수역,서울특별시 성동구 동호로 21
315,올리브영,3,옥수역,서울특별시 성동구 금호동4가 544
316,스타벅스,3,옥수역,서울특별시 성동구 옥수동 262-1
317,이디야,3,금호역,"66, 금호산길 성동구 서울특별시"
318,다이소,3,금호역,서울특별시 성동구 독서당로 290-1
319,올리브영,3,금호역,서울특별시 성동구 금호동4가 544
320,스타벅스,3,금호역,서울특별시 성동구 금호동4가 1483
321,이디야,3,약수역,서울특별시 중구 신당동 373-70번지 1층
322,다이소,3,약수역,서울특별시 중구 신당동 다산로 130-1
323,올리브영,3,약수역,신당동 369-7번지 중구 서울특별시 KR
324,스타벅스,3,약수역,서울특별시 중구 다산로 129
325,이디야,3,동대입구역,서울특별시 중구 신당동 373-70번지 1층
326,다이소,3,동대입구역,서울특별시 중구 신당동 다산로 130-1
327,올리브영,3,동대입구역,신당동 369-7번지 중구 서울특별시 KR
328,스타벅스,3,동대입구역,서울특별시 중구 장충단로 166
329,이디야,3,충무로역,서울특별시 중구 필동 퇴계로 188
330,다이소,3,충무로역,서울특별시 중구 명동길 43
331,올리브영,3,충무로역,서울특별시 중구 필동2가 37-10
332,스타벅스,3,충무로역,서울특별시 중구 필동 퇴계로 197
333,이디야,3,을지로3가역,서울특별시 중구 수표로 45
334,다이소,3,을지로3가역,서울특별시 중구 명동길 43
335,올리브영,3,을지로3가역,서울특별시 중구 명동3길 36
336,스타벅스,3,을지로3가역,서울특별시 중구 수표로 34
337,이디야,3,안국역,서울특별시 중구 남대문로 29-2
338,다이소,3,안국역,서울특별시 종로구 안국동 율곡로 45
339,올리브영,3,안국역,서울특별시 종로구 안국동 175-3
340,스타벅스,3,안국역,서울특별시 종로구 재동 109
341,이디야,3,경복궁역,서울특별시 종로구 자하문로 7
342,다이소,3,경복궁역,서울특별시 종로구 적선동 사직로 125
343,올리브영,3,경복궁역,서울특별시 종로구 종로 19
344,스타벅스,3,경복궁역,서울특별시 종로구 자하문로4길 6
345,이디야,3,독립문역,서울특별시 종로구 무악동 통일로 266
346,다이소,3,독립문역,서울특별시 서대문구 홍제동 469
347,올리브영,3,독립문역,서울특별시 종로구 교남동 62
348,스타벅스,3,독립문역,서울특별시 종로구 통일로 168-1
349,이디야,3,무악재역,서울특별시 서대문구 홍제동 90-47
350,다이소,3,무악재역,서울특별시 서대문구 홍제동 161-1
351,올리브영,3,무악재역,서울특별시 서대문구 홍제3동 통일로 446
352,스타벅스,3,무악재역,서울특별시 서대문구 통일로 451
353,이디야,3,홍제역,서울특별시 서대문구 홍제동
354,다이소,3,홍제역,서울특별시 서대문구 홍제동 161-1
355,올리브영,3,홍제역,서울특별시 서대문구 홍제3동 통일로 446
356,스타벅스,3,홍제역,서울특별시 서대문구 통일로 451
357,이디야,3,녹변역,녹번동 131-158번지 1층 신명빌딩 은평구 서울특별시 KR
358,다이소,3,녹변역,서울특별시 은평구 갈현동 468-2
359,올리브영,3,녹변역,서울특별시 은평구 응암동 91-3
360,스타벅스,3,녹변역,서울특별시 은평구 녹번동 통일로 636
361,이디야,3,불광역,서울특별시 은평구 불광1동 불광로 59
362,다이소,3,불광역,서울특별시 은평구 대조동 통일로67길 3 상일빌딩
363,올리브영,3,불광역,서울특별시 은평구 불광동 통일로 736
364,스타벅스,3,불광역,서울특별시 은평구 대조동 15-9
365,이디야,3,연신내역,서울특별시 은평구 갈현동 398-6
366,다이소,3,연신내역,서울특별시 은평구 불광동 연서로 253
367,올리브영,3,연신내역,서울특별시 은평구 갈현동 396-4
368,스타벅스,3,연신내역,서울특별시 은평구 통일로 842
369,이디야,3,구파발역,서울특별시 은평구 진관동 29-21
370,다이소,3,구파발역,서울특별시 은평구 진관동 통일로 1050
371,올리브영,3,구파발역,서울특별시 은평구 진관동 100-6
372,스타벅스,3,구파발역,서울특별시 은평구 진관동 진관2로 12
373,이디야,3,지축역,경기도 고양시 덕양구 지축동 643-3
374,다이소,3,지축역,경기도 고양시 덕양구 삼송동 16-45번지
375,올리브영,3,지축역,경기도 고양시 덕양구 권율 대로 893
376,스타벅스,3,지축역,경기도 고양시 덕양구 삼송동 291 KR
377,이디야,3,대화역,경기도 고양시 일산서구 대화동 2222
378,다이소,3,대화역,일산서구 일산동 1054-1번지 1층 고양시 경기도 KR
379,올리브영,3,대화역,경기도 고양시 일산서구 대화동 2219
380,스타벅스,3,대화역,경기도 고양시 일산서구 중앙로 1559
381,이디야,3,대곡역,경기도 고양시 일산서구 대화동 2222
382,다이소,3,대곡역,경기도 고양시 덕양구 토당동 토당로 110
383,올리브영,3,대곡역,일산서구 일산동 1084-1번지 고양시 경기도 KR
384,스타벅스,3,대곡역,경기도 고양시 일산동구 일산동구 백석동 1296-3
385,이디야,5,마천역,거여동 133-77번지 송파구 서울특별시 KR
386,다이소,5,마천역,마천동 127-9번지 지하 송파구 서울특별시 KR
387,올리브영,5,마천역,서울특별시 송파구 거여동 27-5
388,스타벅스,5,마천역,서울특별시 송파구 마천동 43-1
389,이디야,5,거여역,서울특별시 송파구 거여1동 오금로 497
390,다이소,5,거여역,서울특별시 송파구 거여2동 거마로 12 지하1층
391,올리브영,5,거여역,서울특별시 송파구 거여동 27-5
392,스타벅스,5,거여역,서울특별시 송파구 오금로 493
393,이디야,5,개롱역,서울특별시 송파구 오금동 165
394,다이소,5,개롱역,서울특별시 송파구 가락본동 중대로 109
395,올리브영,5,개롱역,서울특별시 송파구 가락동 167-4
396,스타벅스,5,개롱역,서울특별시 송파구 오금로 420
397,이디야,5,오금역,"가락 스타 클래스, 8 가락동 송파구 서울특별시"
398,다이소,5,오금역,서울특별시 송파구 가락동 7
399,올리브영,5,오금역,서울특별시 송파구 가락동 167-4
400,스타벅스,5,오금역,송파구 오금동 17-8
401,이디야,5,방이역,서울특별시 송파구 방이동 208-6
402,다이소,5,방이역,서울특별시 송파구 방이동 백제고분로48길 5
403,올리브영,5,방이역,서울특별시 송파구 방이동 207-10
404,스타벅스,5,방이역,송파구 오금동 17-8
405,이디야,5,올림픽공원역,서울특별시 송파구 방이동 89-11
406,다이소,5,올림픽공원역,서울특별시 송파구 방이동 백제고분로48길 5
407,올리브영,5,올림픽공원역,서울특별시 송파구 방이동 89-12
408,스타벅스,5,올림픽공원역,서울특별시 송파구 위례성대로 102 태평양파크빌라트 1층
409,이디야,5,둔촌동역,서울특별시 강동구 성내3동 415-8
410,다이소,5,둔촌동역,서울특별시 강동구 양재대로 1355 지하 1층
411,올리브영,5,둔촌동역,서울특별시 강동구 양재대로 1317
412,스타벅스,5,둔촌동역,서울특별시 강동구 양재대로 1303